-- phpMyAdmin SQL Dump
-- version 5.0.1
-- https://www.phpmyadmin.net/
--
-- Host: 127.0.0.1
-- Generation Time: Mar 01, 2020 at 08:21 AM
-- Server version: 10.4.11-MariaDB
-- PHP Version: 7.4.1

SET SQL_MODE = "NO_AUTO_VALUE_ON_ZERO";
SET AUTOCOMMIT = 0;
START TRANSACTION;
SET time_zone = "+00:00";


/*!40101 SET @OLD_CHARACTER_SET_CLIENT=@@CHARACTER_SET_CLIENT */;
/*!40101 SET @OLD_CHARACTER_SET_RESULTS=@@CHARACTER_SET_RESULTS */;
/*!40101 SET @OLD_COLLATION_CONNECTION=@@COLLATION_CONNECTION */;
/*!40101 SET NAMES utf8mb4 */;

--
-- Database: `eapi`
--

-- --------------------------------------------------------

--
-- Table structure for table `migrations`
--

CREATE TABLE `migrations` (
  `id` int(10) UNSIGNED NOT NULL,
  `migration` varchar(255) COLLATE utf8mb4_unicode_ci NOT NULL,
  `batch` int(11) NOT NULL
) ENGINE=InnoDB DEFAULT CHARSET=utf8mb4 COLLATE=utf8mb4_unicode_ci;

--
-- Dumping data for table `migrations`
--

INSERT INTO `migrations` (`id`, `migration`, `batch`) VALUES
(1, '2014_10_12_000000_create_users_table', 1),
(2, '2014_10_12_100000_create_password_resets_table', 1),
(3, '2020_02_29_184100_create_products_table', 1),
(4, '2020_02_29_184352_create_reviews_table', 1);

-- --------------------------------------------------------

--
-- Table structure for table `password_resets`
--

CREATE TABLE `password_resets` (
  `email` varchar(255) COLLATE utf8mb4_unicode_ci NOT NULL,
  `token` varchar(255) COLLATE utf8mb4_unicode_ci NOT NULL,
  `created_at` timestamp NULL DEFAULT NULL
) ENGINE=InnoDB DEFAULT CHARSET=utf8mb4 COLLATE=utf8mb4_unicode_ci;

-- --------------------------------------------------------

--
-- Table structure for table `products`
--

CREATE TABLE `products` (
  `id` int(10) UNSIGNED NOT NULL,
  `name` varchar(255) COLLATE utf8mb4_unicode_ci NOT NULL,
  `detail` varchar(255) COLLATE utf8mb4_unicode_ci NOT NULL,
  `price` int(11) NOT NULL,
  `stock` int(11) NOT NULL,
  `discount` int(11) NOT NULL,
  `created_at` timestamp NULL DEFAULT NULL,
  `updated_at` timestamp NULL DEFAULT NULL
) ENGINE=InnoDB DEFAULT CHARSET=utf8mb4 COLLATE=utf8mb4_unicode_ci;

--
-- Dumping data for table `products`
--

INSERT INTO `products` (`id`, `name`, `detail`, `price`, `stock`, `discount`, `created_at`, `updated_at`) VALUES
(1, 'deserunt', 'Fugiat ipsa quasi id exercitationem non soluta. Cupiditate sunt laudantium quia sit praesentium consequatur hic. Dolor totam omnis labore cupiditate aperiam. Accusamus animi voluptatem nemo pariatur rerum.', 261, 7, 9, '2020-03-01 02:17:43', '2020-03-01 02:17:43'),
(2, 'voluptatibus', 'Sed in aut rerum magnam. Quae aut necessitatibus id possimus. Aut aut laudantium voluptatem facere. Ab totam in quis debitis eveniet.', 596, 8, 25, '2020-03-01 02:17:43', '2020-03-01 02:17:43'),
(3, 'optio', 'Voluptatum et id consequatur rem ipsum fugit incidunt. Nostrum velit sed dicta molestias qui omnis voluptatibus. Blanditiis culpa provident ipsum nemo.', 136, 2, 25, '2020-03-01 02:17:43', '2020-03-01 02:17:43'),
(4, 'sequi', 'Totam aperiam voluptatem consequatur fugiat voluptate. Debitis nulla ipsam aut autem et. Voluptas facere quam voluptas sit quis. Consequatur perferendis in et facilis. Quibusdam tenetur eius ut minima.', 224, 0, 11, '2020-03-01 02:17:43', '2020-03-01 02:17:43'),
(5, 'unde', 'Optio cumque dicta eos velit qui illum voluptates voluptate. Incidunt sit sunt minima. Non dolorem est a omnis sed.', 527, 6, 11, '2020-03-01 02:17:43', '2020-03-01 02:17:43'),
(6, 'beatae', 'Eveniet et magnam architecto nobis ipsa omnis debitis et. Eius recusandae vitae aut libero. Nemo voluptatem sapiente iure.', 405, 0, 4, '2020-03-01 02:17:43', '2020-03-01 02:17:43'),
(7, 'totam', 'Aut est eos provident et. Aperiam molestias et temporibus porro harum sunt. Excepturi tempore ut quaerat numquam blanditiis.', 488, 9, 23, '2020-03-01 02:17:44', '2020-03-01 02:17:44'),
(8, 'inventore', 'Accusantium distinctio veniam autem. Ut et nobis in enim molestiae deserunt.', 257, 3, 17, '2020-03-01 02:17:44', '2020-03-01 02:17:44'),
(9, 'veniam', 'Voluptas ducimus ea quod tempora eos. Quia veniam corporis occaecati id hic. Ratione dicta aliquid sequi et atque.', 822, 0, 11, '2020-03-01 02:17:44', '2020-03-01 02:17:44'),
(10, 'sed', 'Iste mollitia sed neque harum ad quia debitis et. Aliquid amet adipisci veritatis eos enim quia facere. Est molestiae officiis dolor et porro quia. Explicabo laboriosam et delectus culpa dolores.', 480, 1, 13, '2020-03-01 02:17:44', '2020-03-01 02:17:44'),
(11, 'voluptas', 'Repellat repudiandae voluptas et quo. Soluta eos possimus illo. Enim quibusdam alias non assumenda. Sit delectus tempore nihil. Ducimus fuga quia dignissimos.', 182, 4, 23, '2020-03-01 02:17:44', '2020-03-01 02:17:44'),
(12, 'quam', 'Adipisci quia ut voluptatem. Odit ipsam in quo impedit vitae. Aut aut voluptas ut laudantium numquam aspernatur.', 969, 6, 20, '2020-03-01 02:17:44', '2020-03-01 02:17:44'),
(13, 'quisquam', 'Est aspernatur velit expedita consequatur dolores. Dolor esse iusto rerum cumque occaecati magni ab vel. Molestiae sit ut pariatur.', 149, 0, 10, '2020-03-01 02:17:44', '2020-03-01 02:17:44'),
(14, 'asperiores', 'Officiis est quidem ad velit dolorem dolores ab pariatur. Quod atque quo aut qui perspiciatis sunt. Sit consectetur sunt suscipit et cum nulla.', 711, 3, 14, '2020-03-01 02:17:44', '2020-03-01 02:17:44'),
(15, 'pariatur', 'Qui et harum ipsam fuga perferendis qui. Ratione possimus vero voluptatibus veniam sint omnis.', 680, 5, 11, '2020-03-01 02:17:44', '2020-03-01 02:17:44'),
(16, 'nisi', 'Ea voluptatem facilis quia eos nemo necessitatibus. Autem quia consectetur et qui corrupti praesentium dolore. Nesciunt rerum voluptatibus voluptates eveniet illum. Impedit omnis et quas cupiditate corporis possimus excepturi.', 486, 4, 15, '2020-03-01 02:17:44', '2020-03-01 02:17:44'),
(17, 'necessitatibus', 'Enim at totam officiis praesentium accusantium numquam. Dolor omnis quas quia qui quis. Hic rerum maiores praesentium voluptas sapiente autem dolorum. Reprehenderit fugit quis saepe enim.', 204, 6, 13, '2020-03-01 02:17:44', '2020-03-01 02:17:44'),
(18, 'illum', 'Quo repellendus omnis excepturi et mollitia cupiditate. Dolor fugiat quos incidunt quasi est omnis optio. Cumque quibusdam excepturi in. Omnis mollitia repellendus optio doloribus assumenda eum rem.', 555, 4, 3, '2020-03-01 02:17:44', '2020-03-01 02:17:44'),
(19, 'vero', 'Ex ex sed consequatur asperiores quod id porro. Voluptatem omnis quae sed esse ad quibusdam. At molestiae quae ut voluptas velit.', 948, 8, 29, '2020-03-01 02:17:44', '2020-03-01 02:17:44'),
(20, 'voluptas', 'Aut harum id dolorum nemo recusandae ipsa. Quae cumque excepturi quis consequatur natus. Quia maiores quibusdam porro.', 216, 4, 4, '2020-03-01 02:17:44', '2020-03-01 02:17:44'),
(21, 'modi', 'Similique reiciendis unde expedita architecto explicabo non voluptas. Tempora quas quia aut. Perspiciatis quia quod in esse et ut nam dolores.', 280, 2, 27, '2020-03-01 02:17:44', '2020-03-01 02:17:44'),
(22, 'officia', 'Necessitatibus ullam fugit eveniet atque eveniet veniam et libero. Quisquam eum ipsum cupiditate aperiam perferendis sit voluptas dolorem. Omnis repellat voluptatem nihil fugiat ducimus quos. Voluptatem facilis beatae iusto a impedit.', 713, 0, 22, '2020-03-01 02:17:44', '2020-03-01 02:17:44'),
(23, 'eligendi', 'Voluptatibus est distinctio ut. Nihil mollitia facere maiores odio. Odit reprehenderit porro autem odio alias iure qui. Et nemo necessitatibus laborum accusantium dolorem perferendis veniam.', 218, 5, 11, '2020-03-01 02:17:44', '2020-03-01 02:17:44'),
(24, 'nostrum', 'Iste est cum consectetur maxime sequi et eveniet. Dolores dolorem non cum molestiae. Iusto dicta saepe dolor non commodi. Repellat quis sit et optio dolorem quis recusandae.', 349, 3, 6, '2020-03-01 02:17:44', '2020-03-01 02:17:44'),
(25, 'hic', 'Quo sint sunt doloremque eius molestiae et est inventore. Voluptatem tempora dolores laborum est consequuntur. Nesciunt qui ut tempora amet qui ad quaerat. Debitis voluptas qui libero non cupiditate repudiandae. Numquam distinctio modi fugit illo id.', 428, 7, 23, '2020-03-01 02:17:44', '2020-03-01 02:17:44'),
(26, 'ut', 'Occaecati voluptatem repudiandae corrupti sapiente dolor aliquam. Fugit culpa recusandae magni voluptatibus ipsa. Aspernatur eos qui dolores et error sit. Non eos commodi quam numquam. Ipsum sed et aut molestias.', 286, 0, 4, '2020-03-01 02:17:44', '2020-03-01 02:17:44'),
(27, 'illum', 'Excepturi eveniet cum nostrum est. Ducimus sapiente velit hic numquam id. Ratione dignissimos similique necessitatibus rerum beatae est excepturi. Est ut suscipit cupiditate consequatur magnam.', 487, 4, 3, '2020-03-01 02:17:44', '2020-03-01 02:17:44'),
(28, 'et', 'Qui sapiente doloremque facilis iusto ex omnis. Vel ut expedita quibusdam aut voluptate. Dignissimos provident eligendi ut nihil corrupti. Et quisquam architecto error.', 662, 1, 9, '2020-03-01 02:17:44', '2020-03-01 02:17:44'),
(29, 'ipsa', 'Et occaecati consequatur error iure soluta. Eius ea adipisci repellendus numquam non.', 989, 7, 20, '2020-03-01 02:17:44', '2020-03-01 02:17:44'),
(30, 'suscipit', 'Excepturi quia aliquam ut. Et sit est sunt occaecati ea exercitationem illum. Ipsum consequatur est repellendus eligendi inventore reiciendis.', 124, 8, 17, '2020-03-01 02:17:44', '2020-03-01 02:17:44'),
(31, 'odio', 'Unde dignissimos ut quod rerum nesciunt ut. Perferendis reprehenderit molestiae deserunt vel. Aut sunt tempora ea ut qui.', 969, 6, 29, '2020-03-01 02:17:44', '2020-03-01 02:17:44'),
(32, 'dolorem', 'Est rerum facilis rerum sapiente similique at fugit nemo. Inventore autem iste rerum et quia voluptate. Deleniti eaque optio consequatur minima nostrum voluptatibus. Deleniti illum modi modi et rerum.', 745, 1, 4, '2020-03-01 02:17:44', '2020-03-01 02:17:44'),
(33, 'dolores', 'Corporis magnam earum quos similique quasi eius consequatur. Animi hic dolores non ut dolorem. Ipsum quos impedit nobis odit. Officiis porro optio esse est consequatur est.', 567, 2, 7, '2020-03-01 02:17:45', '2020-03-01 02:17:45'),
(34, 'quia', 'Iure pariatur adipisci blanditiis est molestias. Qui sunt nihil numquam. Fugit quia optio temporibus. Est odit rem eos nisi aut.', 624, 7, 12, '2020-03-01 02:17:45', '2020-03-01 02:17:45'),
(35, 'architecto', 'Quo dolorem a a eligendi sed exercitationem. Voluptas rem numquam voluptates quia fugit. Rerum aut facilis ipsa facere sint veniam praesentium.', 308, 0, 8, '2020-03-01 02:17:45', '2020-03-01 02:17:45'),
(36, 'est', 'Rerum quos id accusantium eos inventore eveniet omnis. Excepturi labore et quibusdam rerum. Delectus voluptas illo consequatur sit qui optio sunt. Tenetur sit cum nesciunt quos et corrupti quae.', 941, 0, 3, '2020-03-01 02:17:45', '2020-03-01 02:17:45'),
(37, 'maxime', 'Corrupti cumque molestiae iure nobis. Reiciendis pariatur qui cupiditate. Consectetur eos repudiandae sed et. Rerum hic quia aut amet ipsa.', 210, 9, 10, '2020-03-01 02:17:45', '2020-03-01 02:17:45'),
(38, 'quas', 'Voluptate voluptatem fugiat est est deleniti sunt et. Aut impedit illo perspiciatis iure vel. Ex sed omnis ut et enim nihil quam voluptatem. Eos accusantium voluptas ut et blanditiis quasi nam iste. Illum explicabo perferendis at blanditiis sit.', 352, 2, 20, '2020-03-01 02:17:45', '2020-03-01 02:17:45'),
(39, 'ut', 'Necessitatibus dolorem consequuntur ut voluptatem odit. Ut consequuntur ut quis labore culpa.', 171, 3, 13, '2020-03-01 02:17:45', '2020-03-01 02:17:45'),
(40, 'veniam', 'Consequatur quaerat vitae assumenda harum et vero ut. Omnis assumenda voluptatem eos est impedit. Cupiditate dolorem ut vitae voluptatibus vitae non. Dolore veritatis magnam aliquam quas.', 859, 9, 28, '2020-03-01 02:17:45', '2020-03-01 02:17:45'),
(41, 'quod', 'Aut ex expedita temporibus nihil consectetur. Consequatur id suscipit sunt voluptatem et. Sint dolore quo aut beatae labore ut sit. Ea quia dolor totam at.', 423, 4, 9, '2020-03-01 02:17:45', '2020-03-01 02:17:45'),
(42, 'architecto', 'Fugit corporis vero esse consectetur eveniet ad. Voluptatibus quas eum ut iste corporis natus. Magnam asperiores doloremque qui vel perferendis sit. Et et nemo quas quis adipisci amet vel.', 986, 4, 9, '2020-03-01 02:17:45', '2020-03-01 02:17:45'),
(43, 'dignissimos', 'Ipsum illum deserunt sunt et. Enim dolor debitis et non atque.', 309, 3, 28, '2020-03-01 02:17:45', '2020-03-01 02:17:45'),
(44, 'non', 'Voluptas incidunt laudantium autem non eaque provident. Assumenda tempora molestias qui debitis rerum non. Asperiores ea excepturi ut neque rerum. Beatae illum velit officiis qui aut et qui.', 397, 8, 6, '2020-03-01 02:17:45', '2020-03-01 02:17:45'),
(45, 'minima', 'Numquam laudantium qui error mollitia quas sit veniam rerum. Ab consequatur perspiciatis veritatis et. Voluptatem quo quia quibusdam in qui voluptatum. Recusandae amet reprehenderit omnis.', 464, 4, 29, '2020-03-01 02:17:45', '2020-03-01 02:17:45'),
(46, 'consequuntur', 'Ut illo praesentium dicta asperiores autem beatae nisi. Necessitatibus repellat laudantium magnam eveniet harum eius maxime. Ut placeat quasi qui numquam odio. Similique vel in vero eaque dolores optio exercitationem.', 145, 6, 20, '2020-03-01 02:17:45', '2020-03-01 02:17:45'),
(47, 'aut', 'Amet sed voluptates quas id odio id esse. Qui dolorem perspiciatis nemo vitae aperiam et. Esse veritatis officiis dolorum reprehenderit possimus.', 809, 1, 15, '2020-03-01 02:17:45', '2020-03-01 02:17:45'),
(48, 'cumque', 'Tempore et soluta cumque voluptatem eligendi voluptatem. Qui aspernatur quis debitis natus natus iusto. Vero et adipisci ut delectus id.', 993, 0, 27, '2020-03-01 02:17:45', '2020-03-01 02:17:45'),
(49, 'deserunt', 'Quo molestiae quidem voluptatem ratione quia nemo. Est laboriosam totam ea facere deleniti rerum. Autem officiis consequuntur eius nihil quis.', 695, 9, 27, '2020-03-01 02:17:45', '2020-03-01 02:17:45'),
(50, 'cum', 'Deserunt incidunt quo quaerat velit eius sed earum voluptatem. Qui velit dolor pariatur qui quis dolorem qui dolorum. Provident quisquam eos sed quo quo. Impedit et ut rerum.', 509, 4, 21, '2020-03-01 02:17:45', '2020-03-01 02:17:45');

-- --------------------------------------------------------

--
-- Table structure for table `reviews`
--

CREATE TABLE `reviews` (
  `id` int(10) UNSIGNED NOT NULL,
  `product_id` int(10) UNSIGNED NOT NULL,
  `customer` varchar(255) COLLATE utf8mb4_unicode_ci NOT NULL,
  `review` text COLLATE utf8mb4_unicode_ci NOT NULL,
  `star` int(11) NOT NULL,
  `created_at` timestamp NULL DEFAULT NULL,
  `updated_at` timestamp NULL DEFAULT NULL
) ENGINE=InnoDB DEFAULT CHARSET=utf8mb4 COLLATE=utf8mb4_unicode_ci;

--
-- Dumping data for table `reviews`
--

INSERT INTO `reviews` (`id`, `product_id`, `customer`, `review`, `star`, `created_at`, `updated_at`) VALUES
(1, 5, 'Jan Parisian', 'Aperiam et eum ipsum molestiae id. Veniam voluptas porro ipsum porro ut laboriosam saepe. Ut aut assumenda maiores minima sed fugiat quia officia.', 5, '2020-03-01 02:17:46', '2020-03-01 02:17:46'),
(2, 48, 'Prof. Shanel Cruickshank', 'Inventore repudiandae culpa nihil labore distinctio velit. Eligendi nobis rerum aliquam est cum esse deserunt soluta. Est iste numquam ad itaque. Fugiat culpa facere ut delectus tenetur nobis qui.', 4, '2020-03-01 02:17:46', '2020-03-01 02:17:46'),
(3, 16, 'Trudie Marquardt', 'Quisquam unde repellat ea qui quia placeat id. Ipsa nisi consequatur quam sint aut aut. Qui quia non beatae doloribus.', 4, '2020-03-01 02:17:46', '2020-03-01 02:17:46'),
(4, 26, 'Erich Yundt', 'Voluptatem minima fuga adipisci modi pariatur. Recusandae magnam voluptatibus et nemo. Perspiciatis qui exercitationem eius exercitationem itaque.', 4, '2020-03-01 02:17:46', '2020-03-01 02:17:46'),
(5, 33, 'Miss Elisabeth Murphy', 'Repellat magni nihil tempore eum vero dicta. Qui temporibus repudiandae quia deleniti facere incidunt aliquam. Et illo voluptas dolor tempore quaerat eos culpa. Velit neque ad voluptatum facere.', 4, '2020-03-01 02:17:47', '2020-03-01 02:17:47'),
(6, 45, 'Ryder Torphy', 'Enim molestiae voluptatum ipsam at cumque nam perferendis. Saepe non eos repudiandae fugiat praesentium non. Non earum perspiciatis sint voluptatem magnam similique est vitae. Qui eaque laborum quia eos.', 4, '2020-03-01 02:17:47', '2020-03-01 02:17:47'),
(7, 49, 'Cortney Reichert', 'Quia quibusdam et asperiores perspiciatis porro omnis. Est dolor deserunt neque. Est sed reprehenderit dolorem et ut. Consequuntur error nostrum nisi et.', 4, '2020-03-01 02:17:47', '2020-03-01 02:17:47'),
(8, 11, 'Mr. Hayden Abshire V', 'Enim voluptas eum illo amet et aut. Consequatur eveniet maiores nemo at soluta. Fuga voluptatem ut amet ducimus tempora id quisquam.', 0, '2020-03-01 02:17:47', '2020-03-01 02:17:47'),
(9, 16, 'Adan Beahan', 'Et velit similique aut et ipsa. Voluptatem rerum error et aspernatur sunt reprehenderit. Deserunt maiores dolores cupiditate debitis assumenda rerum. Provident placeat soluta qui et rem magnam sint.', 5, '2020-03-01 02:17:47', '2020-03-01 02:17:47'),
(10, 3, 'Dr. Abelardo Kertzmann', 'Non doloremque perferendis odit officiis repudiandae. Asperiores sit ut omnis vel voluptatem delectus. Ut voluptatem voluptatem qui maiores.', 5, '2020-03-01 02:17:47', '2020-03-01 02:17:47'),
(11, 48, 'Rowland Walsh', 'Recusandae amet asperiores odit id consequuntur placeat asperiores est. Consectetur vero dolores eius omnis praesentium atque error. Et magni id nesciunt.', 1, '2020-03-01 02:17:47', '2020-03-01 02:17:47'),
(12, 2, 'Brielle Huels II', 'Provident eius provident dolorem impedit. Placeat sunt rerum facere id eaque deleniti esse. Et rerum est quia. Sunt sapiente quas et et commodi. Aut consectetur ipsum quaerat placeat delectus.', 3, '2020-03-01 02:17:47', '2020-03-01 02:17:47'),
(13, 32, 'Allene Schuppe', 'Dolores distinctio voluptatibus neque sint. Repudiandae ipsa rerum architecto aut excepturi dolor inventore provident. Explicabo molestiae quo omnis doloremque quasi aut fugit. Beatae voluptas aut velit quia inventore.', 5, '2020-03-01 02:17:47', '2020-03-01 02:17:47'),
(14, 41, 'Dr. Una Langworth', 'Est sint aut et ea. Dolor et odio nostrum enim quidem maiores officia nostrum. Vel eveniet sequi perspiciatis est maxime. Ratione at veniam exercitationem consectetur nihil excepturi.', 5, '2020-03-01 02:17:47', '2020-03-01 02:17:47'),
(15, 4, 'Meda Hyatt Sr.', 'Et dicta minima non ea aut aut dignissimos. Dolor doloribus quia aut facilis quae. Nostrum quaerat quaerat impedit nulla. Eos quia ullam ut ut aliquid.', 0, '2020-03-01 02:17:47', '2020-03-01 02:17:47'),
(16, 11, 'Miss Laury Schmeler', 'Dolore voluptatem fuga qui blanditiis. Dolore voluptatem et possimus ab officiis consectetur corporis. Consequatur vel quia et consequatur.', 5, '2020-03-01 02:17:47', '2020-03-01 02:17:47'),
(17, 27, 'Hollis Hand', 'Ea est in repudiandae excepturi omnis quod. Rem deserunt quidem architecto. Vel inventore accusantium eius corrupti reiciendis.', 1, '2020-03-01 02:17:47', '2020-03-01 02:17:47'),
(18, 23, 'Glenda Hodkiewicz', 'Repellendus et et iure culpa molestiae. Animi fuga suscipit est atque rerum consequatur fugit. Consequatur in possimus eveniet porro ullam error voluptates.', 2, '2020-03-01 02:17:47', '2020-03-01 02:17:47'),
(19, 21, 'Mayra Hegmann', 'Ullam ut nihil quod maxime nisi ut a ducimus. Rerum sed ullam voluptatem quia dolor magni omnis.', 1, '2020-03-01 02:17:47', '2020-03-01 02:17:47'),
(20, 13, 'Jayden VonRueden MD', 'Officia ratione quo id quia nulla. Amet sunt reprehenderit qui velit.', 2, '2020-03-01 02:17:47', '2020-03-01 02:17:47'),
(21, 45, 'Prof. Berneice Bernhard', 'Quo nobis provident eveniet. Laboriosam dolorum sed cupiditate quia id. Voluptatum quod perferendis asperiores voluptas ut labore rerum.', 2, '2020-03-01 02:17:47', '2020-03-01 02:17:47'),
(22, 5, 'Elda Ankunding DDS', 'Consequatur commodi eum dignissimos est ratione. Commodi rerum ratione non. Omnis voluptate corporis excepturi ea. Et ab et labore magni.', 5, '2020-03-01 02:17:47', '2020-03-01 02:17:47'),
(23, 29, 'Dr. Jannie Koepp', 'Ipsam qui velit ut dolores quasi repudiandae ut soluta. Fuga dolorum corrupti molestiae incidunt aperiam et voluptatem voluptatum. Dolorem aut maxime qui blanditiis similique. Distinctio quaerat voluptates ipsa ut et.', 4, '2020-03-01 02:17:47', '2020-03-01 02:17:47'),
(24, 47, 'Miss Marlen Carroll', 'Consequatur qui repudiandae repellat voluptatem sunt. Sint optio sunt illo quis.', 5, '2020-03-01 02:17:47', '2020-03-01 02:17:47'),
(25, 3, 'Prof. Callie Kreiger', 'Molestiae unde nihil non necessitatibus id rerum et. Assumenda aliquid voluptatibus dolorum laboriosam. Totam voluptatibus vero placeat aut vel. Ea praesentium ea aliquam laudantium.', 4, '2020-03-01 02:17:47', '2020-03-01 02:17:47'),
(26, 2, 'Emelie Glover', 'Doloribus neque debitis adipisci dolor non omnis. Qui rerum dolore praesentium. Provident ullam perferendis nemo facilis. Est dolorem inventore qui iste aliquam.', 1, '2020-03-01 02:17:47', '2020-03-01 02:17:47'),
(27, 41, 'Prof. Jules Cormier II', 'Doloremque facilis itaque omnis explicabo dolorum ducimus. Et fuga ipsum sit dolore non omnis hic. Et et sint et consequatur repellat quasi. Adipisci possimus aspernatur vel sequi est iure.', 5, '2020-03-01 02:17:47', '2020-03-01 02:17:47'),
(28, 41, 'Prof. Darryl Mante', 'Deserunt fugit voluptatem incidunt recusandae nisi. Fugit cupiditate ducimus eligendi ullam explicabo eveniet. Veritatis hic quisquam qui. Laborum laboriosam natus explicabo a.', 5, '2020-03-01 02:17:47', '2020-03-01 02:17:47'),
(29, 19, 'Clementine Corkery', 'Aut nobis non inventore provident consequatur quia dolorem. Ut eos nemo quam similique delectus aperiam. Reiciendis deleniti et aut enim.', 4, '2020-03-01 02:17:47', '2020-03-01 02:17:47'),
(30, 23, 'Prof. Kiel Maggio', 'Perferendis id est est qui. Voluptas culpa ea commodi repudiandae dolor dignissimos provident.', 5, '2020-03-01 02:17:47', '2020-03-01 02:17:47'),
(31, 26, 'Dr. Brayan Stroman', 'Velit dolor vel quis. Magni illum asperiores omnis cumque consequatur omnis vel. Rerum rerum beatae modi nobis aut sed nulla. Eos omnis ipsum iusto debitis.', 5, '2020-03-01 02:17:48', '2020-03-01 02:17:48'),
(32, 40, 'Mr. Dereck Price V', 'Perspiciatis neque aut perspiciatis ut impedit. Voluptas occaecati iste perferendis earum esse non sint. Pariatur sit exercitationem laborum reiciendis deleniti quibusdam.', 5, '2020-03-01 02:17:48', '2020-03-01 02:17:48'),
(33, 41, 'Carlo Runte', 'Ut dolores maiores quae cum. Nihil totam corrupti vero dolorem rerum aut numquam tenetur. Quod eius hic labore enim.', 1, '2020-03-01 02:17:48', '2020-03-01 02:17:48'),
(34, 13, 'Mr. Herman Nienow MD', 'Eum vero cupiditate sed sit placeat necessitatibus. Tenetur distinctio harum magni animi pariatur adipisci sed. In placeat omnis vel quae sed veritatis.', 3, '2020-03-01 02:17:48', '2020-03-01 02:17:48'),
(35, 9, 'Prof. Donny Harris', 'Eaque impedit consectetur doloribus praesentium nobis incidunt animi. Nemo quas non voluptatem ullam totam. Nostrum molestiae error reiciendis iure ut est. Accusantium asperiores quia qui quo.', 1, '2020-03-01 02:17:48', '2020-03-01 02:17:48'),
(36, 11, 'Mr. Michael Spinka', 'Eum et aut ullam consectetur necessitatibus laboriosam vel quia. Consequuntur aut autem similique veritatis rerum et. Doloribus molestiae sunt saepe non possimus.', 2, '2020-03-01 02:17:48', '2020-03-01 02:17:48'),
(37, 33, 'Dr. Lenny Paucek DVM', 'Quod modi est doloribus incidunt. Perferendis laudantium necessitatibus facere inventore sed. Ut quia dolores adipisci quos.', 5, '2020-03-01 02:17:48', '2020-03-01 02:17:48'),
(38, 3, 'Orland Wintheiser', 'Possimus ut earum accusantium aut cum adipisci est. Illum saepe perspiciatis optio id. Maiores sit autem dignissimos debitis nostrum quidem hic. Ipsa vel tenetur eum aliquid iste. Dolore consequuntur ea et rerum pariatur aspernatur exercitationem doloribus.', 0, '2020-03-01 02:17:48', '2020-03-01 02:17:48'),
(39, 43, 'Yessenia McGlynn', 'Sunt rerum quo molestiae culpa. Dolores eum sunt veniam repellendus sit iste. Itaque sit necessitatibus nostrum et nulla rerum laboriosam.', 3, '2020-03-01 02:17:48', '2020-03-01 02:17:48'),
(40, 16, 'Ross Quitzon', 'Assumenda aut qui est sunt qui voluptatum. Libero numquam dolor aut numquam provident. Sint vel accusamus et vero mollitia ullam.', 3, '2020-03-01 02:17:48', '2020-03-01 02:17:48'),
(41, 17, 'Jaquelin Klocko', 'Officiis nisi voluptatem ipsam quia reiciendis. Distinctio omnis nemo in repellendus incidunt. Sunt nulla consequuntur autem quod facilis rerum.', 1, '2020-03-01 02:17:48', '2020-03-01 02:17:48'),
(42, 30, 'Clarabelle Frami DDS', 'Maxime explicabo deserunt sit magnam. Sapiente consequatur ea et voluptatem officia accusantium. Aut dolorem corporis quasi aut et ipsam veritatis illo. Temporibus consequatur nam autem quis adipisci alias.', 1, '2020-03-01 02:17:48', '2020-03-01 02:17:48'),
(43, 27, 'Bryon Adams', 'Eum odio ut vero architecto rem eveniet ut delectus. Autem ea pariatur quod et sed vero accusamus cupiditate. Molestias quis excepturi corrupti illo odio et incidunt quod. Officiis enim suscipit corrupti sit explicabo qui.', 0, '2020-03-01 02:17:48', '2020-03-01 02:17:48'),
(44, 38, 'David Simonis', 'Et incidunt qui ut porro ullam. Fugit omnis sapiente id quos fugit cum. Commodi tenetur corrupti nihil nihil culpa vero.', 2, '2020-03-01 02:17:48', '2020-03-01 02:17:48'),
(45, 23, 'Dr. Diana Mitchell MD', 'Laudantium nam unde quasi quia similique aut consequatur quisquam. Qui omnis saepe adipisci laudantium voluptates rerum. Reiciendis et est vel minima praesentium blanditiis optio. Ipsum et aperiam totam et velit.', 3, '2020-03-01 02:17:48', '2020-03-01 02:17:48'),
(46, 21, 'Susanna Funk Jr.', 'Perferendis cupiditate aspernatur voluptatem ut ullam. Eum sit tenetur vitae molestias autem nulla nulla. Cupiditate minus porro expedita asperiores quis deserunt consequatur natus.', 0, '2020-03-01 02:17:48', '2020-03-01 02:17:48'),
(47, 8, 'Trace Casper', 'Non consectetur cumque ullam animi voluptas itaque sapiente. Tenetur occaecati aut aut architecto repellendus. Est quia qui reprehenderit dicta dicta dolore iusto.', 3, '2020-03-01 02:17:48', '2020-03-01 02:17:48'),
(48, 15, 'Shawn Cummerata V', 'Facilis dolorem nemo libero reprehenderit consequatur velit nostrum. Et et amet excepturi sapiente ducimus.', 3, '2020-03-01 02:17:48', '2020-03-01 02:17:48'),
(49, 28, 'Cletus Bartoletti', 'Ducimus numquam quaerat non ex iusto. Libero aliquam est maiores ut debitis cupiditate. Quia voluptates cupiditate alias optio ab. Itaque nihil in deleniti non molestias.', 4, '2020-03-01 02:17:48', '2020-03-01 02:17:48'),
(50, 43, 'Mr. Amir Zulauf', 'Impedit illo quam velit cumque deleniti id ut quisquam. Velit voluptas sit consequuntur consectetur. Ut magnam cum iste reprehenderit. In dicta vitae autem vero illum aspernatur officiis.', 1, '2020-03-01 02:17:48', '2020-03-01 02:17:48'),
(51, 31, 'Dr. Brett Fadel Sr.', 'Aliquam aut fugiat quod. Similique doloribus aut voluptatem similique voluptatem sunt quos non. Minima aperiam eos iure animi.', 5, '2020-03-01 02:17:48', '2020-03-01 02:17:48'),
(52, 2, 'Dr. Theodora Smitham', 'Qui velit tenetur et ut magnam repudiandae. Ipsa recusandae perspiciatis est. Aut doloremque aut nisi voluptatem. Perferendis voluptatibus recusandae qui.', 5, '2020-03-01 02:17:48', '2020-03-01 02:17:48'),
(53, 8, 'Dr. Ellis Lang V', 'Sunt quaerat numquam exercitationem quas ab. Ipsa blanditiis ex natus sunt est fuga. Architecto et eum quo sapiente. Itaque voluptate recusandae maiores culpa.', 3, '2020-03-01 02:17:48', '2020-03-01 02:17:48'),
(54, 44, 'Breanne Beahan', 'Nobis voluptatem dolor et dolorem. Id quibusdam est eum quam. Odio animi aut error voluptate ad voluptatem et magnam. Qui facilis ea officia voluptatem aut amet.', 3, '2020-03-01 02:17:48', '2020-03-01 02:17:48'),
(55, 2, 'Bernard Pollich', 'Nam quis sed quae nesciunt et ut error. Aut voluptatem eum beatae necessitatibus nihil. Maxime totam dolore facere minima.', 4, '2020-03-01 02:17:48', '2020-03-01 02:17:48'),
(56, 38, 'Maryjane Nader', 'Ut dolorem consequuntur qui repellat porro. Perferendis quia dolore dolores sequi. Inventore qui quis autem et ipsum. Est quibusdam dolor a.', 5, '2020-03-01 02:17:48', '2020-03-01 02:17:48'),
(57, 7, 'Walker Veum', 'Nulla dolorem minus voluptas maxime. Illum et maxime mollitia id. Tempore quae quod eum ab deleniti nesciunt laborum. Ad ex consequatur in consequatur tempora laborum et.', 5, '2020-03-01 02:17:48', '2020-03-01 02:17:48'),
(58, 15, 'Terrance Mohr', 'Occaecati laboriosam veniam recusandae accusamus inventore. Aut sequi facere esse laborum ut. Ut aut minus temporibus eum consequatur. Veniam quia sit voluptas atque asperiores vitae iusto.', 1, '2020-03-01 02:17:48', '2020-03-01 02:17:48'),
(59, 18, 'Loren Brakus', 'Aliquam omnis asperiores vero consequuntur labore iure nihil. Eveniet sint molestiae eius enim fuga. Vel sunt facilis totam ut natus.', 4, '2020-03-01 02:17:48', '2020-03-01 02:17:48'),
(60, 49, 'Prof. Wilford Terry IV', 'Vitae unde quidem facilis harum est ut voluptatibus. Excepturi deserunt expedita aut et consequuntur quisquam. Quasi necessitatibus cumque eum ducimus dolores nulla excepturi.', 2, '2020-03-01 02:17:49', '2020-03-01 02:17:49'),
(61, 6, 'Mrs. Muriel Crist DVM', 'Tenetur molestiae quasi in dolor iste. Ad laborum deserunt minus aut explicabo et eum iste. Amet eligendi consequatur qui autem unde sit rem.', 4, '2020-03-01 02:17:49', '2020-03-01 02:17:49'),
(62, 34, 'Dagmar Torp', 'Asperiores magni recusandae sed odit quam. Aliquid eveniet facilis id distinctio quia in. Quia ea necessitatibus a veniam. Fugiat nobis dolor qui nam.', 5, '2020-03-01 02:17:49', '2020-03-01 02:17:49'),
(63, 42, 'Carlotta Marks', 'Architecto rem provident accusantium et architecto provident officia. Repellendus esse molestiae iste ut nulla nihil voluptatem. Enim aut maxime et laborum architecto voluptatem ipsam.', 1, '2020-03-01 02:17:49', '2020-03-01 02:17:49'),
(64, 16, 'Marcel Bailey', 'A repellat et accusamus molestiae quia debitis minima. Non ad voluptas et soluta quos reprehenderit aliquam. Est sed laboriosam quo officiis.', 1, '2020-03-01 02:17:49', '2020-03-01 02:17:49'),
(65, 17, 'Estefania Kozey', 'Ea quae alias deserunt dolorum unde rerum. Magni inventore nulla id dignissimos et. Recusandae dignissimos debitis laborum necessitatibus corporis molestias quaerat. Repellendus totam harum repudiandae ut dolorem dolorem optio.', 0, '2020-03-01 02:17:49', '2020-03-01 02:17:49'),
(66, 48, 'Carol White', 'Officiis similique dolores odit facilis debitis. Voluptas nobis ducimus qui repellat in ullam. Officiis dolore eos impedit deserunt illo laboriosam. Cum sed unde adipisci vero sapiente ipsum.', 5, '2020-03-01 02:17:49', '2020-03-01 02:17:49'),
(67, 28, 'Ron Sanford', 'Consequatur non eos iusto cupiditate. Rerum beatae quos quaerat. Rerum placeat placeat vitae.', 5, '2020-03-01 02:17:49', '2020-03-01 02:17:49'),
(68, 42, 'Dr. Mallory Hane', 'Perferendis aliquam natus deserunt cum quisquam voluptatem ut. Ex cum quo nam culpa assumenda. Dolores consequatur et nihil voluptatem ad.', 2, '2020-03-01 02:17:49', '2020-03-01 02:17:49'),
(69, 40, 'Carter Prosacco', 'Quia et illum ullam sit neque saepe quasi. Et maxime facere placeat similique maiores est. Laborum consectetur repellat ea dolores repellat perspiciatis.', 2, '2020-03-01 02:17:49', '2020-03-01 02:17:49'),
(70, 38, 'Zoey Daniel', 'Fugit perspiciatis vero rerum perferendis aspernatur. Et porro voluptatem enim minus perferendis.', 2, '2020-03-01 02:17:49', '2020-03-01 02:17:49'),
(71, 29, 'Hank Cartwright', 'Reiciendis quasi et sed. Molestiae veritatis perspiciatis molestiae hic maxime amet voluptas. Accusantium sit voluptatum cum sunt aut iste voluptas.', 0, '2020-03-01 02:17:49', '2020-03-01 02:17:49'),
(72, 20, 'Ottilie Sporer', 'Velit ea incidunt quod ea et adipisci vero consequatur. At voluptas non et dolor hic natus qui. Dicta in accusamus et cum in quos et. Labore aut incidunt et molestiae culpa error quo non.', 0, '2020-03-01 02:17:49', '2020-03-01 02:17:49'),
(73, 35, 'Mr. Emilio VonRueden', 'Molestias neque et dolores accusamus iste excepturi voluptatibus. Doloremque pariatur iste repellat laudantium et vero nisi. Voluptatem minima autem possimus excepturi odit dolorem consequatur. Dolorem id quos rerum maiores architecto in eius.', 3, '2020-03-01 02:17:49', '2020-03-01 02:17:49'),
(74, 36, 'Bella Keeling', 'Quibusdam nulla consequuntur perspiciatis autem enim quidem aspernatur. Ad delectus maxime in error eos. Ullam id ea ex.', 1, '2020-03-01 02:17:49', '2020-03-01 02:17:49'),
(75, 3, 'Omari Satterfield', 'Sunt ut ad itaque sit fuga et. Est sint provident quas. Quia tempore quia saepe adipisci quia. Quia tempore et minima molestiae natus.', 4, '2020-03-01 02:17:49', '2020-03-01 02:17:49'),
(76, 9, 'Mr. Garnet Thompson DDS', 'Qui hic sit aliquid consequuntur. Rerum deleniti ea iste quo alias libero eos iure. Doloribus sapiente numquam voluptas ea a tenetur aut.', 2, '2020-03-01 02:17:49', '2020-03-01 02:17:49'),
(77, 5, 'Ms. Elvie Sawayn', 'Quas veritatis dignissimos molestias rerum eos unde. Tempora repellat non similique minus et ullam. Hic est molestiae unde. Sunt aut et accusantium sint.', 5, '2020-03-01 02:17:49', '2020-03-01 02:17:49'),
(78, 37, 'Tyshawn Barrows V', 'Ipsum aut atque dolore doloribus. Ut voluptatibus eum non reprehenderit id libero. Veniam expedita sint est qui corporis.', 5, '2020-03-01 02:17:49', '2020-03-01 02:17:49'),
(79, 8, 'Jerrell Hickle', 'Ut provident veniam eum et quod eius. Eos ea a sint illo consequuntur iusto. Facilis in laboriosam ut asperiores qui nesciunt asperiores. Dolore magni temporibus animi nam molestiae cumque quaerat eligendi.', 5, '2020-03-01 02:17:49', '2020-03-01 02:17:49'),
(80, 31, 'Vanessa Rowe', 'Nisi quis ducimus deleniti quia velit quod eligendi deleniti. Temporibus aliquam unde quis laborum dolor alias voluptas. Saepe recusandae autem officiis nesciunt labore ipsa cumque.', 2, '2020-03-01 02:17:49', '2020-03-01 02:17:49'),
(81, 23, 'Mekhi Kulas PhD', 'Magnam qui possimus ut in sint tenetur reprehenderit. Deleniti dolor laborum commodi. Nemo id et in eligendi. Voluptas voluptas molestiae perferendis itaque.', 0, '2020-03-01 02:17:49', '2020-03-01 02:17:49'),
(82, 29, 'Mrs. Mossie Johnston DDS', 'Ut error in officia architecto expedita impedit. Ad cum voluptate illo doloremque dolores qui voluptatem. Maiores in magni reiciendis vel et nihil aut.', 5, '2020-03-01 02:17:49', '2020-03-01 02:17:49'),
(83, 42, 'Demetrius Brown', 'Aspernatur dolor recusandae animi et. Quas eos temporibus quo aut pariatur et. Fugit voluptatum quibusdam eum possimus blanditiis vel deleniti non. Dolorem officiis laboriosam nulla voluptatibus inventore corporis placeat.', 2, '2020-03-01 02:17:49', '2020-03-01 02:17:49'),
(84, 10, 'Mr. Tod Rohan', 'Ullam ex excepturi perspiciatis consequatur autem non. Ea dicta aspernatur quam. In sed nesciunt totam ad id ut. Dolorem perferendis qui quasi harum et. Sint placeat repellendus pariatur autem quaerat eos incidunt.', 0, '2020-03-01 02:17:50', '2020-03-01 02:17:50'),
(85, 21, 'Mrs. Liana Goldner', 'Quibusdam perferendis velit eum non quod. Et libero quod ut nihil voluptatibus.', 2, '2020-03-01 02:17:50', '2020-03-01 02:17:50'),
(86, 33, 'Sanford Tromp', 'Autem adipisci numquam non odit sunt molestiae. Explicabo ratione totam unde id sequi voluptatibus. Beatae esse sunt voluptate ipsa quia harum quaerat. Repudiandae iure rerum in in et. Enim pariatur quia voluptas necessitatibus corrupti.', 2, '2020-03-01 02:17:50', '2020-03-01 02:17:50'),
(87, 4, 'Vallie Kuvalis', 'Quisquam aut et qui et illo qui rerum. Labore et natus et rerum rem officia recusandae vitae. Maxime a explicabo fugiat vitae quia adipisci sint. Error soluta unde vero magni nihil est.', 5, '2020-03-01 02:17:50', '2020-03-01 02:17:50'),
(88, 32, 'Felicita Waters', 'Laudantium voluptatibus laborum aperiam recusandae ut consequatur qui. Occaecati quasi porro reprehenderit labore enim ipsa non ab. Qui ipsam quibusdam accusamus suscipit ut perferendis. In quasi voluptas voluptatibus necessitatibus.', 3, '2020-03-01 02:17:50', '2020-03-01 02:17:50'),
(89, 2, 'Ms. Lera Hauck II', 'Aut magni quam dignissimos omnis. Quaerat provident harum magnam qui aut consectetur. Quia provident sit nam et doloremque.', 4, '2020-03-01 02:17:50', '2020-03-01 02:17:50'),
(90, 32, 'Prof. Jordan Blanda', 'Laborum dolor sapiente quia. Adipisci soluta saepe qui est sit.', 1, '2020-03-01 02:17:50', '2020-03-01 02:17:50'),
(91, 43, 'Malinda Hodkiewicz I', 'Voluptas et reprehenderit officiis et libero possimus. Voluptas in quo deserunt ullam. Eos ex consequatur recusandae adipisci eum.', 3, '2020-03-01 02:17:50', '2020-03-01 02:17:50'),
(92, 11, 'Elfrieda Keeling', 'Deleniti dolor repudiandae ut et et cupiditate placeat. Voluptate voluptas nam eum nihil. Consequatur non ut sed temporibus ea laborum.', 3, '2020-03-01 02:17:50', '2020-03-01 02:17:50'),
(93, 5, 'Katrina Lind', 'Laboriosam quisquam omnis et doloribus sed sit incidunt nisi. Est suscipit est voluptas temporibus dolor labore et. Est voluptatem numquam totam est doloremque.', 2, '2020-03-01 02:17:50', '2020-03-01 02:17:50'),
(94, 11, 'Jarrett Abshire PhD', 'Et ad quo illo quia sed assumenda. Iure in tempore consequatur assumenda ut labore et. Amet voluptatem labore recusandae rem itaque.', 4, '2020-03-01 02:17:50', '2020-03-01 02:17:50'),
(95, 43, 'Emile Jaskolski III', 'Qui sed iste ad quasi dolorem voluptatem. Aut earum et quo quis voluptas odio totam. Necessitatibus veniam dignissimos eius consequatur perferendis maiores et.', 1, '2020-03-01 02:17:50', '2020-03-01 02:17:50'),
(96, 28, 'Dr. Jude Schiller', 'Ut maxime aliquam ea consequuntur. Voluptatibus et cumque voluptate sunt. Dicta odit facere sit corrupti voluptates at nostrum.', 1, '2020-03-01 02:17:50', '2020-03-01 02:17:50'),
(97, 44, 'Leif Zulauf', 'Ad et eveniet rerum non voluptate nobis. Dignissimos beatae nesciunt reprehenderit. Non sit aspernatur impedit. Sed quia aliquid qui aliquam est in sapiente.', 1, '2020-03-01 02:17:50', '2020-03-01 02:17:50'),
(98, 47, 'Dedrick Schowalter', 'Est suscipit tempora enim temporibus ipsum. Doloremque dolore quo sunt. Et laborum libero est ullam nihil accusantium ducimus.', 5, '2020-03-01 02:17:50', '2020-03-01 02:17:50'),
(99, 37, 'Antonietta Hickle', 'Officia et in aut eligendi modi accusantium. Sunt enim debitis laudantium pariatur est officia blanditiis. Quos et perferendis veritatis accusamus quia atque. Quia qui iusto ut odio.', 5, '2020-03-01 02:17:50', '2020-03-01 02:17:50'),
(100, 19, 'Kirsten Kutch III', 'Earum labore aut fuga aspernatur facere nam atque voluptatem. Iusto et accusamus magnam praesentium quia assumenda voluptatem laborum. Vel et rerum eos et quasi.', 0, '2020-03-01 02:17:50', '2020-03-01 02:17:50'),
(101, 27, 'Myrtle Haag', 'Quos aut enim consequatur rerum nihil. Laborum est fuga qui ut mollitia. Amet et commodi neque perferendis nesciunt assumenda beatae. Exercitationem id aut fugiat ut ut dolores dolores.', 1, '2020-03-01 02:17:50', '2020-03-01 02:17:50'),
(102, 9, 'Cristopher Harvey', 'Facere quod explicabo praesentium labore quam ex itaque. Quia quia ipsam aut facilis. Nostrum possimus est velit excepturi voluptatem.', 1, '2020-03-01 02:17:50', '2020-03-01 02:17:50'),
(103, 27, 'Dr. Adelbert Purdy I', 'Iusto temporibus adipisci iusto et voluptatum voluptatem hic et. Itaque accusamus tenetur voluptas rem modi. Tenetur aut et hic. Maxime ea consequatur et dolorem voluptatem quisquam voluptatem sed.', 1, '2020-03-01 02:17:50', '2020-03-01 02:17:50'),
(104, 7, 'Lloyd Reynolds', 'Eum optio sed minus illum ullam fugit aut. Itaque fuga rerum ab et modi perspiciatis aspernatur ut. Odio laboriosam minus vel iure id quos natus. Dicta vel consequatur odit aliquid ea ut.', 1, '2020-03-01 02:17:50', '2020-03-01 02:17:50'),
(105, 4, 'Dell Abshire', 'Neque est magnam nisi voluptates iusto qui eos. Quas aspernatur ipsa labore nihil quidem eos. In velit iusto quibusdam vel neque sit.', 3, '2020-03-01 02:17:50', '2020-03-01 02:17:50'),
(106, 18, 'Delta Berge', 'Sed et velit id officiis a et aut sit. Provident veritatis incidunt quia animi sit.', 5, '2020-03-01 02:17:50', '2020-03-01 02:17:50'),
(107, 25, 'Kali Raynor', 'Sit ducimus et tempore consectetur libero consequatur totam. Sunt aut illo harum quibusdam et vero. Eos aliquam sunt sapiente eligendi molestias laborum. Ipsa sapiente enim omnis quas.', 2, '2020-03-01 02:17:50', '2020-03-01 02:17:50'),
(108, 39, 'Prof. Miller Hansen DVM', 'Omnis suscipit tempora cupiditate eveniet sit. Modi autem id rerum. Quae aut asperiores sapiente quia. Minus quaerat officia dicta laudantium quod perspiciatis.', 1, '2020-03-01 02:17:50', '2020-03-01 02:17:50'),
(109, 23, 'Damon Keebler MD', 'Iure libero magni perspiciatis minus quidem provident possimus. Maiores facilis sunt odio sunt quibusdam. Odit et voluptatem dicta est omnis corporis. Doloribus quia fugit omnis fugiat quo eius quibusdam.', 4, '2020-03-01 02:17:50', '2020-03-01 02:17:50'),
(110, 49, 'Terrence Lynch', 'Vel voluptas aut exercitationem totam velit possimus consequuntur. Reprehenderit maxime qui qui numquam delectus explicabo totam. Beatae est facilis fugiat perspiciatis voluptatem voluptas.', 2, '2020-03-01 02:17:51', '2020-03-01 02:17:51'),
(111, 20, 'Krystal Eichmann', 'Sunt pariatur iusto ipsam ipsa accusamus voluptatem excepturi. Aliquid illum et dolore consectetur.', 0, '2020-03-01 02:17:51', '2020-03-01 02:17:51'),
(112, 42, 'Loyce Dare', 'Pariatur sit eligendi cupiditate. Ipsum vel aut omnis nesciunt pariatur sunt.', 3, '2020-03-01 02:17:51', '2020-03-01 02:17:51'),
(113, 10, 'Adah Sipes V', 'Quod ut consectetur quis consequatur veniam dignissimos iusto. Fugiat autem doloribus voluptates fuga. Mollitia consequatur rerum praesentium numquam. Quos eos magni omnis.', 1, '2020-03-01 02:17:51', '2020-03-01 02:17:51'),
(114, 31, 'Gilda Satterfield', 'Provident omnis qui eligendi sit consectetur harum ut. Velit aut magnam eum. Quos deleniti occaecati et maiores. Dolorem culpa quibusdam dolorum tempora.', 2, '2020-03-01 02:17:51', '2020-03-01 02:17:51'),
(115, 26, 'Lillian Collins', 'Aperiam laborum voluptates nihil quae architecto ipsum. Quo quia placeat soluta assumenda. Atque consectetur voluptatem aut. Suscipit ut at consequuntur.', 5, '2020-03-01 02:17:51', '2020-03-01 02:17:51'),
(116, 41, 'Norwood Hettinger IV', 'In sit commodi eaque voluptas sapiente. Vel dignissimos suscipit nihil sed. Quia in voluptatem minus commodi.', 1, '2020-03-01 02:17:51', '2020-03-01 02:17:51'),
(117, 21, 'Evert Gulgowski Jr.', 'Quia magni iste consequatur unde vel. Cum et reprehenderit facilis voluptatem voluptatem veniam. Nostrum hic necessitatibus perspiciatis ratione voluptatem inventore ut distinctio.', 4, '2020-03-01 02:17:51', '2020-03-01 02:17:51'),
(118, 36, 'Miss Carmella Rodriguez', 'At officiis ut earum quis fugit labore corporis voluptatibus. Recusandae deserunt quod consequatur ipsum libero. Maxime ab magni est rem quis. Voluptas dolorem eligendi voluptate voluptatem est quis natus repellendus.', 1, '2020-03-01 02:17:51', '2020-03-01 02:17:51'),
(119, 10, 'Prof. Michael Morissette MD', 'Aspernatur distinctio eum optio impedit in aliquam. Omnis quae veniam exercitationem autem repudiandae sed molestiae nulla. Corrupti ea quos voluptatem quae a.', 3, '2020-03-01 02:17:51', '2020-03-01 02:17:51'),
(120, 48, 'Dr. Johathan Mitchell PhD', 'Consequuntur vel magnam odit fugit voluptatibus tenetur. Tenetur quia culpa dignissimos ut. Alias voluptas voluptatem alias ut.', 4, '2020-03-01 02:17:51', '2020-03-01 02:17:51'),
(121, 33, 'Mr. Cesar Klein V', 'Ea facilis fuga ad rem odio aliquid. Non debitis et molestiae omnis consequuntur et perspiciatis. Explicabo perspiciatis sint blanditiis perspiciatis sed.', 0, '2020-03-01 02:17:51', '2020-03-01 02:17:51'),
(122, 28, 'Dedrick O\'Keefe', 'Neque animi est officiis molestias ipsum dolorem officia. Quidem iusto laborum voluptatem corrupti in non fugit. Similique ut expedita iure praesentium odio.', 4, '2020-03-01 02:17:51', '2020-03-01 02:17:51'),
(123, 50, 'Miss Dixie Bernhard', 'Provident explicabo eum ipsam. Quaerat qui quas in sed impedit sit qui. Rerum ipsum ea natus rem ut et soluta. Quod ut qui adipisci officia.', 2, '2020-03-01 02:17:51', '2020-03-01 02:17:51'),
(124, 15, 'Candace Mitchell II', 'Facilis velit aliquam sequi est provident. Magnam inventore nihil quo exercitationem ipsam. Tenetur esse soluta incidunt voluptate rerum alias. Quae ullam ratione sed nam rerum qui delectus.', 2, '2020-03-01 02:17:51', '2020-03-01 02:17:51'),
(125, 17, 'Dr. Lilyan Boehm', 'Aliquam dolore facilis recusandae asperiores officia enim sed maiores. Aliquam maxime in asperiores rem culpa. Qui et maiores repellendus aut.', 2, '2020-03-01 02:17:51', '2020-03-01 02:17:51'),
(126, 47, 'Alberta Stoltenberg', 'Esse perferendis veniam eaque optio enim aliquid eum. Nihil ut est animi. Et sit ab eum temporibus quidem facere illum.', 4, '2020-03-01 02:17:51', '2020-03-01 02:17:51'),
(127, 25, 'Bennett Balistreri', 'Illum nesciunt alias quo soluta est autem. Debitis velit odit assumenda cumque.', 4, '2020-03-01 02:17:51', '2020-03-01 02:17:51'),
(128, 32, 'Prof. Trudie Ernser MD', 'Laboriosam doloribus expedita fuga officia consequatur ut labore. Tempora tempora corrupti adipisci recusandae voluptas. Iste aliquam et eaque accusantium harum suscipit exercitationem. Recusandae id ut nostrum ut repudiandae quia.', 5, '2020-03-01 02:17:51', '2020-03-01 02:17:51'),
(129, 34, 'Thurman Bashirian', 'Modi vel illo dolorem ea fugiat tempora aliquid. Nobis explicabo et et quisquam rerum ea maiores. Officiis accusantium dolores id ut optio voluptatem repudiandae in. Nulla maxime voluptatem eius non.', 3, '2020-03-01 02:17:51', '2020-03-01 02:17:51'),
(130, 13, 'Dr. Andrew Grant III', 'Nihil doloremque est dolorem rerum quis enim. Placeat ut expedita nisi ut excepturi praesentium. Ut minima et ut similique facere. Vel aut voluptate consequuntur ut voluptatem.', 0, '2020-03-01 02:17:51', '2020-03-01 02:17:51'),
(131, 27, 'Jalyn Becker', 'Voluptate et beatae harum hic. Quas dolorum quo quasi qui placeat voluptatem. Non ut est id aut qui rem ipsum enim. Minus culpa harum deleniti enim accusantium exercitationem.', 1, '2020-03-01 02:17:51', '2020-03-01 02:17:51'),
(132, 19, 'Isidro Smith', 'Omnis corrupti quibusdam non nostrum dolorem necessitatibus. Odit modi repellendus ex explicabo nesciunt blanditiis. Distinctio libero repellat sint fugiat velit. Quibusdam blanditiis perferendis optio dolor officiis est.', 1, '2020-03-01 02:17:51', '2020-03-01 02:17:51'),
(133, 4, 'Oren Little', 'Non molestiae nulla animi eius alias animi eos voluptatem. Odio corrupti fugiat illum atque placeat illo. Delectus accusamus quis sapiente tempora.', 4, '2020-03-01 02:17:51', '2020-03-01 02:17:51'),
(134, 28, 'Prof. Meggie Schneider II', 'Praesentium similique aspernatur cum natus rem et voluptas quae. Aut odio aspernatur voluptatem modi. Dolores dolor iure aperiam occaecati.', 1, '2020-03-01 02:17:52', '2020-03-01 02:17:52'),
(135, 46, 'Camren Luettgen', 'Consequuntur voluptatem quam tempora nulla sequi ab. Eligendi sapiente ducimus eos culpa. Molestias repellat repudiandae qui quis dolore.', 5, '2020-03-01 02:17:52', '2020-03-01 02:17:52'),
(136, 6, 'Laura Franecki Sr.', 'Facere ullam quos earum sit. Odit sequi quisquam est nobis qui rerum. Nihil ipsum ex aliquam nostrum debitis quas.', 2, '2020-03-01 02:17:52', '2020-03-01 02:17:52'),
(137, 25, 'Albertha Okuneva I', 'Quia sapiente omnis incidunt et adipisci. Ut suscipit fuga ducimus totam modi voluptas alias.', 4, '2020-03-01 02:17:52', '2020-03-01 02:17:52'),
(138, 1, 'Rudy Frami', 'Odit qui in repellat repudiandae quod. Sit est quasi molestias aut dolor. Doloremque omnis ut et nisi impedit soluta ut. Explicabo veniam qui soluta placeat maxime et qui voluptates. Consequuntur libero error minus ea ea molestias natus.', 1, '2020-03-01 02:17:52', '2020-03-01 02:17:52'),
(139, 2, 'Nelda Ryan', 'Et quos distinctio iusto numquam ea quaerat. Cumque rerum corporis suscipit enim quis. Est inventore et quia ipsum. Similique magnam architecto earum illum qui quo consequatur.', 4, '2020-03-01 02:17:52', '2020-03-01 02:17:52'),
(140, 2, 'Merl Bogisich PhD', 'Delectus illo sequi inventore dicta placeat aperiam. Ea modi quaerat praesentium quo. Explicabo veritatis alias in non architecto ut. Autem omnis aut ut tempore. Quae incidunt esse consequatur odio.', 0, '2020-03-01 02:17:52', '2020-03-01 02:17:52'),
(141, 27, 'Josiah Donnelly Sr.', 'Non et quo omnis aliquid at. Omnis repudiandae doloribus eos vel. Enim iure dolor et natus facere sunt.', 3, '2020-03-01 02:17:52', '2020-03-01 02:17:52'),
(142, 28, 'Kyla Rau', 'Accusamus facilis praesentium quam impedit accusantium facilis non. Doloribus accusamus et ut nesciunt aut soluta ea omnis. Nesciunt quae animi sit eos fugiat temporibus ab. Dolor eveniet sunt sapiente consequatur.', 2, '2020-03-01 02:17:52', '2020-03-01 02:17:52'),
(143, 31, 'Soledad Cronin I', 'At in est pariatur iure recusandae. Magni saepe nisi fuga officia. Consequatur quos unde omnis atque praesentium occaecati sit.', 5, '2020-03-01 02:17:52', '2020-03-01 02:17:52'),
(144, 24, 'Jettie Volkman', 'Debitis sint maiores et nam. Magnam repellat quidem eligendi et. Blanditiis inventore consectetur consequatur ratione porro. Rerum aspernatur sequi et minima.', 3, '2020-03-01 02:17:52', '2020-03-01 02:17:52'),
(145, 7, 'Ed Gislason', 'Nemo sint similique eos at. Velit qui vel id odio est modi qui deleniti. Sit quaerat quam ipsam atque. Consectetur sed porro ullam commodi voluptatem officiis cupiditate.', 4, '2020-03-01 02:17:52', '2020-03-01 02:17:52'),
(146, 14, 'Jared Kerluke', 'Omnis explicabo vero quia totam nisi. Corrupti omnis deserunt ut ut aut. Molestiae sunt est quidem dolorum eaque quasi nulla.', 1, '2020-03-01 02:17:52', '2020-03-01 02:17:52'),
(147, 44, 'Mrs. Mylene Padberg', 'Illum dignissimos aut necessitatibus suscipit rerum accusantium. Aliquam sint sed aspernatur quod earum quis. Ad consequatur totam alias amet laudantium. Ipsa sint quibusdam est molestiae. Velit voluptas expedita minima adipisci dolorum quasi.', 5, '2020-03-01 02:17:52', '2020-03-01 02:17:52'),
(148, 9, 'Carson Schaefer', 'Consectetur dolor aliquid quia sequi maiores et. Deserunt ut perspiciatis quis quia enim eligendi officia in. Et suscipit odio saepe vitae ducimus quasi voluptatibus amet. Ut aut dolorem itaque voluptates quibusdam aut asperiores.', 2, '2020-03-01 02:17:52', '2020-03-01 02:17:52'),
(149, 7, 'Gussie Schuster', 'Alias sunt quo sit facilis voluptatum quo provident. Est quos quia eum occaecati. Natus voluptas in quia dolorem qui corporis qui esse. Doloribus velit animi aperiam molestias et impedit quis.', 2, '2020-03-01 02:17:52', '2020-03-01 02:17:52'),
(150, 2, 'Mr. Riley Parker', 'Odit cupiditate voluptas voluptatem quia excepturi ea aliquid qui. Natus eveniet rerum enim odio qui. Aut explicabo voluptatum accusantium omnis.', 1, '2020-03-01 02:17:52', '2020-03-01 02:17:52'),
(151, 20, 'Wyatt Sanford PhD', 'Corporis placeat rerum magnam perspiciatis sit animi. Enim earum aliquid aperiam quis nihil odit. Vel vero voluptas omnis corporis.', 0, '2020-03-01 02:17:52', '2020-03-01 02:17:52'),
(152, 12, 'Mrs. Nelle Schultz', 'Sit consequatur quo consequatur dolorum. Dolorum accusamus facere qui non aliquid laudantium. Totam error laboriosam beatae. Quia in eaque consequatur non neque.', 5, '2020-03-01 02:17:52', '2020-03-01 02:17:52'),
(153, 15, 'Dustin Roberts', 'Voluptate consequatur corrupti est quaerat aperiam. Dolore id voluptas repellat eveniet. Consectetur consequatur accusantium adipisci perspiciatis dolorem.', 4, '2020-03-01 02:17:52', '2020-03-01 02:17:52'),
(154, 18, 'Mr. Hadley O\'Hara', 'Repellendus omnis id tempora numquam. Et exercitationem quod et. Sit et quia quia.', 4, '2020-03-01 02:17:52', '2020-03-01 02:17:52'),
(155, 24, 'Karelle Jenkins', 'Occaecati sint debitis ut et quia quibusdam reprehenderit. Occaecati quia nihil recusandae consequatur et aperiam similique. Quia ipsum repudiandae minus sed exercitationem minus sunt veritatis.', 1, '2020-03-01 02:17:52', '2020-03-01 02:17:52'),
(156, 11, 'Prof. Summer Buckridge IV', 'Iusto rerum qui beatae tempore. Dolorem repellendus et aperiam aut. Minima nulla aut dolorum omnis voluptas voluptatem autem. Numquam sit ex atque esse quo.', 0, '2020-03-01 02:17:52', '2020-03-01 02:17:52'),
(157, 45, 'River Gerhold DVM', 'Illum fuga occaecati fugit velit. Eligendi quod quae iure amet sit placeat cupiditate. Voluptatem consectetur eos ut cupiditate voluptas. Voluptatibus pariatur quis voluptatum suscipit dolore dolores.', 4, '2020-03-01 02:17:52', '2020-03-01 02:17:52'),
(158, 22, 'Freida Dietrich DDS', 'Perferendis quas iste rem corrupti itaque iure quis facere. Repellat aperiam doloremque qui aut et voluptatibus. Ad ut commodi ullam est culpa. Minus tempore omnis deleniti enim.', 2, '2020-03-01 02:17:52', '2020-03-01 02:17:52'),
(159, 28, 'Franz Stoltenberg', 'A culpa in impedit. Dolor veritatis ullam repellendus natus possimus corrupti. Similique ut neque necessitatibus odit. Voluptatibus assumenda est facere consectetur.', 4, '2020-03-01 02:17:52', '2020-03-01 02:17:52'),
(160, 46, 'Lew Harvey III', 'Consequatur ipsa eveniet sapiente quod aliquam. Voluptatem impedit pariatur quibusdam minima. Omnis qui id ipsa aliquam molestiae ratione. Recusandae qui error qui est perspiciatis odio molestias.', 1, '2020-03-01 02:17:52', '2020-03-01 02:17:52'),
(161, 31, 'Leopoldo Champlin', 'Iure eveniet asperiores sed dolorum quae qui sed. Et sit veritatis quod quis sequi rerum non autem.', 4, '2020-03-01 02:17:53', '2020-03-01 02:17:53'),
(162, 19, 'Dr. Herman Murphy', 'Occaecati voluptatem officia earum. Libero deleniti adipisci possimus iure. Perspiciatis aut delectus odit et dolores ipsa eveniet voluptatibus.', 1, '2020-03-01 02:17:53', '2020-03-01 02:17:53'),
(163, 35, 'Mrs. Precious King PhD', 'Dignissimos ea omnis provident qui modi expedita expedita. Et cupiditate iure iure provident sit similique. Ipsam temporibus sunt et aspernatur officiis. Nihil eum fugiat possimus fugiat quo.', 1, '2020-03-01 02:17:53', '2020-03-01 02:17:53'),
(164, 19, 'Ramona Wintheiser', 'Beatae debitis quis sequi inventore fugiat dolor. Maxime odio dicta tempore quod. Et autem perferendis ipsam aut.', 0, '2020-03-01 02:17:53', '2020-03-01 02:17:53'),
(165, 44, 'Christopher McCullough', 'Suscipit aut atque assumenda aut eveniet suscipit. Sunt delectus expedita ut possimus assumenda earum minus et. Blanditiis debitis nisi natus ex et. Et voluptas non qui esse velit quidem.', 5, '2020-03-01 02:17:53', '2020-03-01 02:17:53'),
(166, 49, 'Melvina Wiegand', 'Id veniam rerum at illum hic quia omnis. Placeat nesciunt tempore tenetur ducimus esse. Quia voluptas ex natus ullam. Veritatis eum in eum dolorum ut.', 4, '2020-03-01 02:17:53', '2020-03-01 02:17:53'),
(167, 27, 'Nick Kunze MD', 'Id pariatur ex eaque et fugit voluptatem. Quia illo neque quaerat eveniet. Quis dolores recusandae quos illo.', 3, '2020-03-01 02:17:53', '2020-03-01 02:17:53'),
(168, 10, 'Annamae Hermiston', 'Nobis occaecati explicabo illo. Sunt quidem sit qui dicta adipisci molestiae est. Cumque sunt at quis aut architecto harum optio. Nam ipsum officia quis eum eveniet tenetur. Natus dolorem repudiandae quibusdam et totam.', 3, '2020-03-01 02:17:53', '2020-03-01 02:17:53'),
(169, 31, 'Ruthie Will', 'Porro dolores aspernatur dignissimos eaque libero quia. Magnam dicta eos commodi vel consectetur repudiandae consequatur. Suscipit quae exercitationem aut recusandae fuga culpa odio. Quisquam laboriosam porro illum excepturi enim eaque quis. Dolores magni iure dolorem animi et.', 1, '2020-03-01 02:17:53', '2020-03-01 02:17:53'),
(170, 40, 'Lisette Dickinson Jr.', 'Voluptatem voluptatum est tempora explicabo sequi sed rerum. Adipisci velit rem et at. Nostrum debitis cupiditate voluptate et molestiae. Dolor nisi ratione voluptas magnam ullam fugiat ut.', 1, '2020-03-01 02:17:53', '2020-03-01 02:17:53'),
(171, 7, 'Mrs. Emie Sanford', 'Vero unde atque qui rerum iste sit. Molestiae enim assumenda repudiandae commodi quasi exercitationem aut ex. Rerum rerum eveniet cumque. Aut aut qui doloremque labore.', 4, '2020-03-01 02:17:53', '2020-03-01 02:17:53'),
(172, 39, 'Dr. Grover Smitham', 'Omnis debitis dolorem nisi eligendi sed sit et. Labore non ad molestiae unde. Sint et autem molestiae consequuntur ab porro. Iure voluptates culpa veniam sint architecto dignissimos. Necessitatibus et iusto distinctio provident exercitationem.', 3, '2020-03-01 02:17:53', '2020-03-01 02:17:53'),
(173, 16, 'Mr. Chadd Bechtelar Jr.', 'Qui et cumque dolores laudantium reiciendis expedita. Nisi laboriosam est voluptas excepturi est ipsum.', 1, '2020-03-01 02:17:53', '2020-03-01 02:17:53'),
(174, 28, 'Loy Skiles', 'Ratione minima fuga ea aspernatur odit. Omnis quis eveniet impedit. Veniam omnis culpa voluptas. Voluptatem distinctio aut doloremque rem eius nihil necessitatibus.', 1, '2020-03-01 02:17:53', '2020-03-01 02:17:53'),
(175, 17, 'Miss Eliza Stokes DVM', 'Est et illum eos quas sed nobis. Dolores fuga praesentium optio itaque illum nulla. Velit nihil corrupti dicta consequatur eos quod. Ab porro quod sunt sunt.', 1, '2020-03-01 02:17:53', '2020-03-01 02:17:53'),
(176, 48, 'Mrs. Damaris Eichmann II', 'Assumenda dignissimos eligendi eveniet repellendus nesciunt modi placeat. Occaecati modi enim ea pariatur quae dolor molestiae eveniet. Fugit repudiandae dolorem doloremque repudiandae repellendus deleniti.', 4, '2020-03-01 02:17:54', '2020-03-01 02:17:54'),
(177, 29, 'Georgianna Anderson', 'Molestias quia maxime eum est sed aut id. Voluptatem debitis et mollitia qui. Neque est et maiores maxime.', 3, '2020-03-01 02:17:54', '2020-03-01 02:17:54'),
(178, 18, 'Rachelle Ortiz', 'Sapiente fugiat consequatur et cumque dolore perspiciatis. Eos ut et dolores suscipit nulla. Est quia corrupti omnis consequatur qui qui.', 0, '2020-03-01 02:17:54', '2020-03-01 02:17:54'),
(179, 48, 'Julius Koss', 'Maxime ut assumenda quia voluptas nihil et odio. Quo impedit officiis minima est aut voluptas esse. Perferendis aut veniam exercitationem et sed dolore aut.', 4, '2020-03-01 02:17:54', '2020-03-01 02:17:54'),
(180, 40, 'Taylor Bergstrom', 'Ratione accusantium dolore fuga necessitatibus occaecati accusamus sequi. Illo aliquam deserunt minima voluptatum. Qui dolorem impedit sint placeat.', 5, '2020-03-01 02:17:54', '2020-03-01 02:17:54'),
(181, 30, 'Michael Daniel', 'Quis sed et aperiam tenetur distinctio tempora et. Praesentium delectus in et necessitatibus reprehenderit voluptatem. Accusantium fugit velit quasi.', 3, '2020-03-01 02:17:54', '2020-03-01 02:17:54'),
(182, 45, 'Dr. Braxton Murray IV', 'Numquam corporis rerum magnam itaque et quis. Deserunt incidunt ut autem et ullam ut laboriosam. Aut fuga ut ipsam.', 0, '2020-03-01 02:17:54', '2020-03-01 02:17:54'),
(183, 41, 'Prof. Zechariah Mosciski Jr.', 'Voluptatem possimus beatae consequatur aut omnis dolorum. Illo praesentium non quisquam. Odio qui eligendi non non iure. Corrupti quis unde eum eos sed id veritatis.', 0, '2020-03-01 02:17:54', '2020-03-01 02:17:54'),
(184, 13, 'Gonzalo Little', 'Aut dolorum voluptatem aut architecto. Ratione est asperiores quos natus non voluptatibus.', 4, '2020-03-01 02:17:54', '2020-03-01 02:17:54'),
(185, 3, 'Dr. Jessie Funk IV', 'Aut iste laboriosam fugit tempora enim. Aut quasi omnis corporis nihil excepturi. Et et neque debitis ut quis. Deserunt consequatur molestiae consequatur ad. Optio sed officiis sint omnis.', 4, '2020-03-01 02:17:54', '2020-03-01 02:17:54'),
(186, 26, 'Prof. Christop Blick', 'Expedita nostrum in recusandae magnam aut. Velit ab doloribus aut quasi sapiente.', 2, '2020-03-01 02:17:54', '2020-03-01 02:17:54'),
(187, 9, 'Florine Zulauf', 'Ea numquam sed minima. Voluptas rerum voluptatem eum recusandae tempora necessitatibus. Qui adipisci quia at vero voluptatem voluptates dolor voluptatem. Cupiditate ea voluptatem velit nihil harum.', 5, '2020-03-01 02:17:54', '2020-03-01 02:17:54'),
(188, 19, 'Spencer Schimmel', 'Eos corrupti pariatur minima velit et magni. Eos voluptas inventore omnis ut officiis ut sint qui. Odio et eius nobis consectetur est dignissimos sit. Cupiditate totam quibusdam quae adipisci quibusdam doloribus.', 2, '2020-03-01 02:17:54', '2020-03-01 02:17:54'),
(189, 1, 'Lauryn Mertz', 'Laborum molestiae aut laborum et mollitia dignissimos. Expedita voluptates omnis sint cumque libero quidem consequuntur. Sed aut corrupti sint tempora.', 5, '2020-03-01 02:17:54', '2020-03-01 02:17:54'),
(190, 5, 'August Pagac', 'Incidunt voluptatem eligendi fugiat necessitatibus quidem eum sit. Suscipit aut dolorem quo minus odio consequatur numquam. Optio fuga illum sed accusamus. Dicta reiciendis quaerat incidunt vitae in provident. Fuga et repellendus nisi eligendi architecto soluta.', 0, '2020-03-01 02:17:54', '2020-03-01 02:17:54'),
(191, 5, 'Brent Prohaska', 'Sed atque enim est sed commodi vel et. Omnis possimus incidunt aspernatur ut. Quidem sed enim enim iusto.', 5, '2020-03-01 02:17:54', '2020-03-01 02:17:54'),
(192, 29, 'Brandyn Lesch', 'Numquam sunt dicta consequatur quod. Esse voluptas sed tenetur eligendi et deleniti aut. Doloribus iure et consequuntur aut consequatur iste eos. Sit error dicta voluptas accusantium.', 0, '2020-03-01 02:17:54', '2020-03-01 02:17:54'),
(193, 21, 'Mr. Garret Zieme', 'Deleniti libero qui aperiam aliquam sunt id. Repudiandae similique recusandae consequatur commodi autem. Sapiente sint vel molestiae ullam nemo incidunt est laboriosam.', 3, '2020-03-01 02:17:54', '2020-03-01 02:17:54'),
(194, 3, 'Jasmin Terry', 'Quis et sequi maiores. Unde et repudiandae eos omnis deleniti est. Quam blanditiis delectus sint. Et excepturi et et labore autem sint rerum est.', 0, '2020-03-01 02:17:54', '2020-03-01 02:17:54'),
(195, 48, 'Mr. Caleb Walker I', 'Placeat aut molestias iste nostrum sed porro. Officiis maxime ut consequatur excepturi officiis repellendus. Voluptate saepe voluptate id impedit quis. Fugiat nisi aliquam nihil consequatur commodi omnis officiis.', 5, '2020-03-01 02:17:54', '2020-03-01 02:17:54'),
(196, 3, 'Joanne McDermott', 'Odio molestias officiis possimus. Facilis fugit debitis cupiditate odit et. Aliquid magni minus ducimus.', 4, '2020-03-01 02:17:54', '2020-03-01 02:17:54'),
(197, 12, 'Hayden Herzog', 'Architecto et porro tempore voluptas. Et non asperiores quod itaque. Et inventore maiores error voluptatibus. Deleniti eos voluptas enim vel unde consequuntur praesentium. Accusantium et earum tempore neque alias vitae in facilis.', 0, '2020-03-01 02:17:54', '2020-03-01 02:17:54'),
(198, 29, 'Prof. Diamond Lesch MD', 'Adipisci qui facere fuga eos. Mollitia molestiae commodi sit. Exercitationem consequatur molestiae dolore reprehenderit. Inventore deserunt officiis qui odio nobis aut.', 2, '2020-03-01 02:17:54', '2020-03-01 02:17:54'),
(199, 28, 'Mr. Otis Brakus II', 'Enim doloribus unde omnis et sed. Doloribus quas consectetur voluptas earum. Dolore dolorum modi ratione omnis. Delectus laborum consequatur et labore vel.', 2, '2020-03-01 02:17:54', '2020-03-01 02:17:54'),
(200, 31, 'Joany Padberg', 'Et ut quia eos sit sapiente molestiae. Magnam ut illum et dolorem voluptatum. Voluptatem et nam consequatur sint.', 4, '2020-03-01 02:17:54', '2020-03-01 02:17:54'),
(201, 5, 'Gisselle Watsica', 'Quisquam eos et sit repellat sint quis rerum. Qui ab et nobis ducimus qui quo veniam sunt. Nesciunt quidem nam voluptatum nulla quidem. Voluptatem non fugiat error voluptates vero sapiente.', 5, '2020-03-01 02:17:54', '2020-03-01 02:17:54'),
(202, 7, 'Ellie Aufderhar PhD', 'Eaque quo ducimus officia magni necessitatibus. Eos accusamus repellendus iusto in. Deserunt sapiente commodi ex doloribus incidunt esse. Placeat eaque voluptatem et totam et ea sit.', 4, '2020-03-01 02:17:54', '2020-03-01 02:17:54'),
(203, 32, 'Ms. Chloe Lockman', 'Iste magnam eius quo voluptatum aut ad. Sunt earum quas sit tenetur voluptates. Provident ullam adipisci occaecati sunt sint quia mollitia.', 4, '2020-03-01 02:17:55', '2020-03-01 02:17:55'),
(204, 4, 'Celestine Pfannerstill', 'Sapiente voluptatem quasi suscipit harum. Accusantium occaecati blanditiis enim unde praesentium ex. Laboriosam voluptas id officiis nulla illo.', 0, '2020-03-01 02:17:55', '2020-03-01 02:17:55'),
(205, 34, 'Krystel Schmeler I', 'Consequatur possimus est ad qui iste. Ut non consequatur quia sed harum.', 0, '2020-03-01 02:17:55', '2020-03-01 02:17:55'),
(206, 49, 'Joyce Flatley', 'Similique voluptates similique ducimus molestiae consequatur dolor est. Vel quia sint in neque illum culpa fuga. Ipsam veniam saepe ut commodi.', 2, '2020-03-01 02:17:55', '2020-03-01 02:17:55'),
(207, 43, 'Mr. Monserrat Bruen PhD', 'Et ipsa modi repellat eum. Repellendus nostrum est velit voluptatibus. Fuga maxime enim dolor dolores quos aut id quia.', 0, '2020-03-01 02:17:55', '2020-03-01 02:17:55');
INSERT INTO `reviews` (`id`, `product_id`, `customer`, `review`, `star`, `created_at`, `updated_at`) VALUES
(208, 39, 'Chelsie Ratke III', 'Molestiae aut ipsum alias at nemo. Beatae iure veniam eum et quasi quod. Atque nostrum vel consequuntur consequuntur consequuntur doloribus sit.', 4, '2020-03-01 02:17:55', '2020-03-01 02:17:55'),
(209, 41, 'Jacquelyn Ward', 'Maiores impedit officiis totam earum ut possimus. Quo assumenda et suscipit saepe et commodi. Consequatur voluptate labore nesciunt neque explicabo sunt voluptate. Dolores numquam facilis cupiditate explicabo aut et necessitatibus.', 5, '2020-03-01 02:17:55', '2020-03-01 02:17:55'),
(210, 13, 'Ona Green', 'Nisi libero ut laudantium voluptatem et doloremque ratione. Dolor qui consectetur nemo dolor iste. Eligendi aut occaecati error in dolor aliquid.', 5, '2020-03-01 02:17:55', '2020-03-01 02:17:55'),
(211, 38, 'Krystina Jaskolski', 'Pariatur doloribus labore iste nobis dignissimos aliquid veritatis. Impedit nam omnis tempore nihil. Culpa aut porro unde adipisci exercitationem similique iure consectetur. Natus adipisci est excepturi.', 1, '2020-03-01 02:17:55', '2020-03-01 02:17:55'),
(212, 19, 'Tomas Schultz', 'Et omnis nemo perspiciatis ducimus necessitatibus deserunt voluptatem. Deserunt voluptatem assumenda inventore sit ipsa. Delectus rerum eum aliquam qui.', 5, '2020-03-01 02:17:55', '2020-03-01 02:17:55'),
(213, 5, 'Noemy Bradtke DDS', 'Voluptate voluptatem soluta autem. Impedit eaque consequuntur sit ullam exercitationem nulla nesciunt. Atque eos dolore earum inventore rem.', 2, '2020-03-01 02:17:55', '2020-03-01 02:17:55'),
(214, 49, 'Esther Kuphal', 'Minima ea dignissimos deleniti atque dolores. Qui sed ut quis quis. Expedita qui minima distinctio voluptas eum totam est. Illum autem dignissimos odit.', 5, '2020-03-01 02:17:55', '2020-03-01 02:17:55'),
(215, 19, 'Mia Osinski', 'Animi dolores quos occaecati occaecati sint odio. Quisquam voluptas voluptatum consequuntur labore aut perspiciatis. Qui eos voluptatem laborum suscipit.', 3, '2020-03-01 02:17:55', '2020-03-01 02:17:55'),
(216, 4, 'Mr. Ahmed Lang MD', 'Iusto officia aut odio qui accusantium dolore eum. Expedita vel iusto eum voluptates similique laboriosam. Eum ut aut at est delectus quia.', 4, '2020-03-01 02:17:55', '2020-03-01 02:17:55'),
(217, 17, 'Prof. Adele Stroman', 'Doloremque possimus et consequatur ut esse laborum enim laudantium. Dolore itaque eius soluta quibusdam illo minus eos ipsam. Voluptas exercitationem quod suscipit cum animi expedita et. Omnis accusantium est repellendus iusto velit.', 3, '2020-03-01 02:17:55', '2020-03-01 02:17:55'),
(218, 8, 'Valentine Hamill', 'Veritatis ut consequatur iste aperiam nostrum numquam esse quo. Reiciendis voluptatibus voluptatem rerum repudiandae est. Est earum commodi officia nihil.', 1, '2020-03-01 02:17:55', '2020-03-01 02:17:55'),
(219, 1, 'Augustine Huels', 'Suscipit quo voluptatem id. Eaque numquam enim architecto minima. Dolor accusantium quis repellendus assumenda.', 1, '2020-03-01 02:17:55', '2020-03-01 02:17:55'),
(220, 37, 'Lauriane Brown', 'Voluptatem aut sunt harum repellendus voluptas adipisci. Dicta doloremque qui non nam. Repellendus dignissimos consectetur consequatur.', 3, '2020-03-01 02:17:55', '2020-03-01 02:17:55'),
(221, 24, 'Alvis Jacobs', 'Quia odio adipisci et suscipit est aut. Minima minus dolores veritatis et. Non libero aliquam ullam saepe nihil. Natus voluptatem harum rem voluptatum molestiae dolore repellat et.', 0, '2020-03-01 02:17:55', '2020-03-01 02:17:55'),
(222, 34, 'Stephen Kreiger', 'Doloribus ut perspiciatis eveniet aliquam at eveniet aut vel. Rerum assumenda quos nulla. Sed voluptatem fuga ea quae.', 1, '2020-03-01 02:17:55', '2020-03-01 02:17:55'),
(223, 50, 'Arnaldo Watsica', 'Dolorem non dignissimos necessitatibus illum. Eum ullam dolores voluptatem asperiores repellat explicabo. Dicta nulla tempore sunt laborum. Deleniti tempora dolores nulla enim mollitia.', 5, '2020-03-01 02:17:55', '2020-03-01 02:17:55'),
(224, 14, 'Davonte Fadel V', 'Saepe non perspiciatis autem vitae illum temporibus quaerat ipsam. Ab eveniet velit laborum. Quisquam sed aut possimus reprehenderit. A reiciendis qui quisquam atque provident. Eveniet ea quisquam et et enim.', 3, '2020-03-01 02:17:55', '2020-03-01 02:17:55'),
(225, 11, 'Ms. Lynn Lockman Sr.', 'Ipsam ipsum consectetur minima nesciunt sed reprehenderit reiciendis. Enim necessitatibus voluptatum molestias quasi. Ullam vitae incidunt ab est. Quam quaerat doloremque molestias officiis error.', 5, '2020-03-01 02:17:55', '2020-03-01 02:17:55'),
(226, 16, 'Dr. Annabelle Senger', 'Vitae id tenetur quod aperiam. Ipsum eum iste rerum. Rerum voluptatum deserunt odit perspiciatis nisi.', 3, '2020-03-01 02:17:55', '2020-03-01 02:17:55'),
(227, 25, 'Cordia Denesik IV', 'Est sequi minima ut dolorum. Dolor omnis iure modi voluptatem esse ut. Officiis odio deleniti voluptatem labore voluptatem. Eveniet voluptatibus dolorum officiis maxime inventore eos.', 5, '2020-03-01 02:17:55', '2020-03-01 02:17:55'),
(228, 40, 'Ms. Keara Beahan PhD', 'Adipisci quia sunt fugiat asperiores. Ut est dolor et ducimus ut. Earum architecto impedit sit praesentium qui. Nisi vero et blanditiis.', 5, '2020-03-01 02:17:55', '2020-03-01 02:17:55'),
(229, 17, 'Juliet Wisozk', 'Consequatur mollitia dignissimos et alias possimus id magnam. Et voluptatum deserunt voluptates atque earum illo et. Est quis qui assumenda ut.', 3, '2020-03-01 02:17:55', '2020-03-01 02:17:55'),
(230, 1, 'Jeanne Bergnaum', 'Quia sunt vitae vel rerum itaque. Libero consequatur aliquid distinctio laborum alias repellendus nobis doloribus. Ipsam possimus quidem fugit minus ducimus ipsam asperiores qui.', 2, '2020-03-01 02:17:55', '2020-03-01 02:17:55'),
(231, 9, 'Chaz Emard', 'Deserunt et voluptas saepe consectetur provident aut aut. Labore voluptatum architecto vel harum occaecati qui temporibus. Sint et quia facere.', 3, '2020-03-01 02:17:55', '2020-03-01 02:17:55'),
(232, 23, 'Anabelle Schroeder', 'Molestiae nobis vel rem voluptatem qui dolor eius. Velit atque sint reiciendis praesentium natus dolorem. Laboriosam nam est aut expedita soluta asperiores nobis est. Sit cumque inventore aut est voluptatibus doloremque.', 1, '2020-03-01 02:17:55', '2020-03-01 02:17:55'),
(233, 2, 'Marie Medhurst Sr.', 'Eum odio eaque ea fuga unde amet ea mollitia. Ratione dolores laudantium quasi recusandae explicabo aut totam. Officia qui maxime molestiae et.', 3, '2020-03-01 02:17:56', '2020-03-01 02:17:56'),
(234, 37, 'Dwight Willms', 'Excepturi placeat quisquam debitis qui culpa modi. Consequatur rem dolores distinctio deserunt quod unde commodi. Quaerat vel voluptatem vitae magni. Quis modi aut ea tempore assumenda minima illum.', 2, '2020-03-01 02:17:56', '2020-03-01 02:17:56'),
(235, 4, 'Dr. Rollin Rempel', 'Atque non aliquid sed ipsam vitae. Sed tempora est accusantium id. Cumque ratione deserunt dolores asperiores autem. Maiores qui rerum repellendus ea magni ipsa et.', 1, '2020-03-01 02:17:56', '2020-03-01 02:17:56'),
(236, 9, 'Alden Renner', 'Velit consequatur nam commodi tenetur. Voluptas repellat temporibus et et ducimus placeat eaque. Aliquid atque non totam et. Sit voluptas est ea nisi nihil omnis enim numquam.', 1, '2020-03-01 02:17:56', '2020-03-01 02:17:56'),
(237, 9, 'Dereck Reichert', 'Non sint veritatis ut quas eveniet voluptatem aperiam quos. Ut numquam saepe quam reiciendis sit pariatur maxime. Eos officiis quos eos distinctio expedita. Minima autem laudantium sed dolor et.', 4, '2020-03-01 02:17:56', '2020-03-01 02:17:56'),
(238, 14, 'Dr. Raheem Spencer PhD', 'Et iste quae est cum nisi deserunt quam. Optio asperiores aut assumenda perferendis.', 3, '2020-03-01 02:17:56', '2020-03-01 02:17:56'),
(239, 2, 'Mrs. Keely Langworth DVM', 'Omnis quae veniam quod rerum. Consequatur fugiat voluptatibus qui voluptatum sit dolores. Et consequatur porro qui neque architecto tenetur.', 2, '2020-03-01 02:17:56', '2020-03-01 02:17:56'),
(240, 5, 'Kenyatta Swift DVM', 'Quae consequatur eligendi est. Earum possimus repudiandae et est eos quis. Est doloremque voluptas sed maxime nam distinctio.', 5, '2020-03-01 02:17:56', '2020-03-01 02:17:56'),
(241, 5, 'Caden Rutherford', 'Optio sed illum eligendi nemo rerum id odio. Molestiae dolorem ut praesentium et hic aut. Sed aperiam libero voluptatem corrupti vitae.', 5, '2020-03-01 02:17:56', '2020-03-01 02:17:56'),
(242, 39, 'Eugene Gutmann', 'Tenetur debitis atque officiis ut aspernatur et. In placeat iusto et. Laboriosam maiores animi atque est officia.', 5, '2020-03-01 02:17:56', '2020-03-01 02:17:56'),
(243, 9, 'Brigitte Nicolas', 'Debitis labore in et. Asperiores quidem quod voluptates minus eaque earum. Eaque consequuntur sit quia laborum. Dolorem veritatis perferendis eum voluptatem vel eum.', 3, '2020-03-01 02:17:56', '2020-03-01 02:17:56'),
(244, 38, 'Dr. Thora Pagac PhD', 'Quae nam consequatur est deserunt accusamus provident recusandae. Eos sed eius consequatur praesentium doloremque fugit nobis blanditiis. Laborum harum est debitis quod harum nihil praesentium libero. Recusandae sed culpa aspernatur odit maxime.', 0, '2020-03-01 02:17:56', '2020-03-01 02:17:56'),
(245, 39, 'Oceane Collins', 'Accusamus aut aut fugit sapiente in unde. Ut excepturi maxime error. Vero aut hic commodi nam facilis repudiandae.', 2, '2020-03-01 02:17:56', '2020-03-01 02:17:56'),
(246, 42, 'Mr. Ismael Harris', 'Molestias sunt voluptates autem assumenda nihil veritatis iusto. Doloribus et possimus iusto corrupti. Omnis blanditiis velit velit. Totam voluptate nisi dolore.', 3, '2020-03-01 02:17:56', '2020-03-01 02:17:56'),
(247, 50, 'Demario Hansen', 'Voluptate iusto officia magnam odio. Exercitationem laboriosam repellendus numquam est sed quos distinctio eius.', 0, '2020-03-01 02:17:56', '2020-03-01 02:17:56'),
(248, 12, 'Brycen Harris DDS', 'Quia optio unde et molestias. Quae aut hic eligendi vero voluptatibus eveniet. Harum consequatur a nemo a et autem eum. Corrupti iste cum eligendi numquam sunt provident sed.', 2, '2020-03-01 02:17:56', '2020-03-01 02:17:56'),
(249, 26, 'Miss Elissa Cole IV', 'Labore aperiam nesciunt sit saepe mollitia. Iure dolores eveniet velit omnis. Ut sit optio et voluptatem aliquam incidunt. Eum unde enim ipsam delectus non autem.', 2, '2020-03-01 02:17:56', '2020-03-01 02:17:56'),
(250, 43, 'Deshaun Ratke', 'Temporibus sunt earum in qui dolorum. Ipsa non ea dignissimos similique veritatis. Enim et voluptas illum. Nisi labore veniam voluptatem quisquam sit perspiciatis.', 5, '2020-03-01 02:17:56', '2020-03-01 02:17:56'),
(251, 6, 'Marianne Mertz', 'Tenetur est reiciendis quaerat illum voluptas ex doloremque. Quos distinctio alias in ut est fuga. Consequuntur sunt pariatur est dolorum molestias blanditiis. Magni eum pariatur in sit. Doloremque recusandae accusantium et ipsam quisquam.', 2, '2020-03-01 02:17:56', '2020-03-01 02:17:56'),
(252, 43, 'Chesley Witting', 'Qui fuga dolorum velit voluptatibus voluptas. Explicabo rerum similique sed sit vero. Quis perferendis vel dicta aperiam neque laboriosam eos. Laboriosam optio ab dolores quibusdam qui earum quia.', 5, '2020-03-01 02:17:56', '2020-03-01 02:17:56'),
(253, 43, 'Mr. Kristopher Anderson DDS', 'Fugiat voluptates quo ullam autem debitis perspiciatis dolorem quia. Quas rem quod culpa velit assumenda. Deleniti quis earum repellendus aut similique consequuntur minima. Deleniti et similique nemo voluptas. Et impedit ut aut labore sit rerum.', 2, '2020-03-01 02:17:56', '2020-03-01 02:17:56'),
(254, 49, 'Dr. Ethyl Schamberger DVM', 'Ipsam placeat et non voluptate natus error voluptas. Numquam id repudiandae quam veniam in eum eius. Magni asperiores corrupti molestiae enim dolorem. Doloremque esse consequatur accusantium libero est dolorem autem.', 3, '2020-03-01 02:17:56', '2020-03-01 02:17:56'),
(255, 43, 'Ashton Swaniawski', 'Sed doloremque beatae doloribus voluptatem molestiae. Eum amet aspernatur enim ex qui.', 2, '2020-03-01 02:17:56', '2020-03-01 02:17:56'),
(256, 20, 'Mr. Triston Rippin', 'Error doloribus perferendis rem deserunt magni eligendi. Magni doloremque eum quis quae temporibus. Odio a consequatur est possimus odio dolorem. Ratione commodi voluptatibus id.', 1, '2020-03-01 02:17:56', '2020-03-01 02:17:56'),
(257, 47, 'Ms. Hallie Mayert', 'Est voluptatibus odio dolores. Saepe qui porro iure dicta. Dignissimos necessitatibus aperiam autem sit voluptate minus. Nesciunt in id quia omnis sint sapiente.', 4, '2020-03-01 02:17:56', '2020-03-01 02:17:56'),
(258, 23, 'Marlene Hilpert', 'Velit dolores praesentium molestiae non unde sit. Mollitia qui molestiae quas itaque possimus modi. Sapiente quia quia molestias voluptas deserunt nam. Alias quo illum non saepe.', 2, '2020-03-01 02:17:56', '2020-03-01 02:17:56'),
(259, 24, 'Dr. Ryleigh Osinski Jr.', 'Ullam minus soluta qui. Non aperiam temporibus accusantium nesciunt labore aperiam excepturi. Explicabo ea quod quod aperiam voluptatem. Quos quidem quia modi reiciendis maxime id.', 2, '2020-03-01 02:17:57', '2020-03-01 02:17:57'),
(260, 29, 'Mr. Easter Hammes II', 'Tempora cum sint incidunt dignissimos beatae. Id et minus et quo. Ad consequatur veniam incidunt sit. Molestiae reiciendis natus fugit esse.', 0, '2020-03-01 02:17:57', '2020-03-01 02:17:57'),
(261, 13, 'Rosa Simonis', 'Voluptates doloremque quasi sapiente veniam accusantium. Alias sit sint est ad officiis. Id mollitia a et est ad.', 4, '2020-03-01 02:17:57', '2020-03-01 02:17:57'),
(262, 38, 'Kurt Gerlach IV', 'Nostrum perspiciatis dolor aut minima. Dicta natus nisi debitis est voluptate ex. Modi voluptatibus exercitationem nihil eius officiis error quos.', 3, '2020-03-01 02:17:57', '2020-03-01 02:17:57'),
(263, 14, 'Otho Ward', 'Omnis officia sed aliquid ut deleniti. Quasi explicabo molestiae quia voluptates at recusandae fugiat. Iste ut quo voluptas minima nisi tempore in et.', 3, '2020-03-01 02:17:57', '2020-03-01 02:17:57'),
(264, 35, 'Alyson Kirlin', 'Maiores ea itaque architecto voluptate minus. Deserunt ipsam qui distinctio aut alias autem. Suscipit nisi qui soluta non. Id et qui et hic ut vero. Quaerat accusamus officiis dolores accusamus voluptas.', 1, '2020-03-01 02:17:57', '2020-03-01 02:17:57'),
(265, 19, 'Zoie Casper', 'Quis debitis dolor eos est. Delectus inventore velit deserunt autem. Quia itaque fugiat optio ut ipsum ea quasi qui. Temporibus voluptatem debitis et molestias.', 2, '2020-03-01 02:17:57', '2020-03-01 02:17:57'),
(266, 32, 'Mrs. Althea Sporer Jr.', 'Asperiores minus aut dicta qui perferendis atque. Consectetur perspiciatis corporis quae voluptatem ut cumque et. Voluptas aut quibusdam dolorem pariatur animi. Cum aut consequatur nulla velit ut.', 4, '2020-03-01 02:17:57', '2020-03-01 02:17:57'),
(267, 41, 'Mrs. Cristal Nolan', 'Nihil aut rem quae id officia voluptatem ex. Reprehenderit in id et sint error. Velit illo harum quidem accusantium maiores qui omnis eaque.', 3, '2020-03-01 02:17:57', '2020-03-01 02:17:57'),
(268, 29, 'Wellington Bins', 'Et modi labore fugit eos ut tenetur. Molestiae tempora debitis quo aut error qui ex minus. Qui et velit autem maiores praesentium.', 1, '2020-03-01 02:17:57', '2020-03-01 02:17:57'),
(269, 22, 'Krista Leffler', 'Quis laboriosam aspernatur sequi hic. Laborum dolore sed atque tempore aliquid culpa. Occaecati quaerat accusantium dolore quis voluptatem maiores. Unde distinctio laborum est mollitia harum. Tenetur nesciunt et inventore voluptatem.', 5, '2020-03-01 02:17:57', '2020-03-01 02:17:57'),
(270, 20, 'Daisha Wunsch', 'Voluptatem labore optio vel nulla. Autem culpa id sed autem dignissimos incidunt et. Porro mollitia atque fugiat quod quam optio. Laboriosam asperiores eum quisquam et ut perferendis.', 0, '2020-03-01 02:17:57', '2020-03-01 02:17:57'),
(271, 48, 'Mrs. Vivian Miller', 'Velit in dolorum cum aliquid ipsa. Pariatur tenetur est ullam qui. Dolores expedita quam dolore rerum aut maxime. Consectetur quia eos et ex voluptatibus. Molestiae dolores animi et nihil repellendus id.', 3, '2020-03-01 02:17:57', '2020-03-01 02:17:57'),
(272, 37, 'Dr. Shanny Monahan', 'Odit non nostrum error tempore debitis. Nemo est enim ut accusantium veniam qui. Iure vero maxime harum.', 0, '2020-03-01 02:17:57', '2020-03-01 02:17:57'),
(273, 37, 'Prof. Makenna Wunsch I', 'Molestiae optio iste quo itaque omnis. Optio quis magnam totam sed iste. Doloribus rerum ipsam saepe temporibus optio. Sit voluptatem voluptates voluptatum.', 5, '2020-03-01 02:17:58', '2020-03-01 02:17:58'),
(274, 9, 'Ted Fadel', 'Ratione fuga molestias non nam. Voluptatum odit atque enim nihil praesentium maxime. Repudiandae mollitia numquam inventore vel officiis. Libero aut porro ipsa.', 0, '2020-03-01 02:17:58', '2020-03-01 02:17:58'),
(275, 47, 'Prof. Bertha Kuvalis PhD', 'Ipsum minima libero magnam consequatur commodi quis pariatur dolorem. Voluptas totam odit consectetur. Incidunt eveniet quia excepturi tenetur aut vel voluptatem. Et voluptatem ut et delectus est.', 4, '2020-03-01 02:17:58', '2020-03-01 02:17:58'),
(276, 49, 'Clair King', 'Sed eligendi inventore dolorem expedita dolore quis velit. Aut voluptates sit nobis impedit. Numquam dolorem eveniet expedita dolorem consequuntur. Voluptatem inventore commodi suscipit amet impedit et inventore.', 0, '2020-03-01 02:17:58', '2020-03-01 02:17:58'),
(277, 22, 'Dr. Desiree Prosacco', 'Mollitia impedit sit in quo non cumque adipisci. Quo incidunt nemo aut tenetur minus nihil. Et in fuga architecto amet ex exercitationem.', 5, '2020-03-01 02:17:58', '2020-03-01 02:17:58'),
(278, 47, 'Jarret Lowe', 'Aperiam dolores eos eos ut quo placeat aspernatur. Fugit possimus tempore voluptas molestiae. Quasi magnam ipsum iure ut est.', 3, '2020-03-01 02:17:58', '2020-03-01 02:17:58'),
(279, 38, 'Trisha Lang', 'Vel officiis vel esse delectus adipisci culpa adipisci asperiores. At inventore aut reiciendis reiciendis dolorum hic enim. Suscipit accusamus laboriosam aut dignissimos recusandae reprehenderit.', 2, '2020-03-01 02:17:58', '2020-03-01 02:17:58'),
(280, 36, 'Timmothy O\'Kon', 'Ratione laborum doloremque explicabo deserunt provident. Voluptatem veritatis eum dolores ea omnis ea et. Id eligendi assumenda qui a. Quas et et sit id modi id nobis et.', 5, '2020-03-01 02:17:58', '2020-03-01 02:17:58'),
(281, 9, 'Prof. Brando O\'Connell V', 'Voluptas et iste quidem et fugit dignissimos. Quaerat totam deserunt amet ullam et sequi corporis. Voluptate aut nostrum dolorem veniam dolores.', 5, '2020-03-01 02:17:58', '2020-03-01 02:17:58'),
(282, 45, 'Norbert Barton', 'Repudiandae tempora enim eius consequatur. Non commodi in veniam placeat. Voluptatem ratione sed expedita eaque aut. In reiciendis sequi impedit cum eos dolorem.', 0, '2020-03-01 02:17:58', '2020-03-01 02:17:58'),
(283, 41, 'Ramiro Labadie', 'Dignissimos explicabo modi illo quia necessitatibus deserunt inventore. Consequatur id facere impedit dolorum. Est et expedita voluptas odio fugiat saepe et non. Ab perferendis nisi facere nisi maxime sit.', 2, '2020-03-01 02:17:58', '2020-03-01 02:17:58'),
(284, 29, 'William Stroman', 'Laboriosam ut exercitationem magnam quis nesciunt. Incidunt quod aut aut quam magni nihil distinctio. Quisquam optio eos consequatur accusantium. Harum placeat asperiores qui.', 3, '2020-03-01 02:17:58', '2020-03-01 02:17:58'),
(285, 32, 'Leonardo Weissnat', 'Provident expedita dolore vel pariatur beatae. Cumque rerum quia qui ullam qui necessitatibus. In necessitatibus molestiae et alias et sed ea excepturi.', 0, '2020-03-01 02:17:58', '2020-03-01 02:17:58'),
(286, 13, 'Joel Legros', 'Aut amet ut quisquam rerum. Sapiente sed quis earum quibusdam pariatur. Et qui modi debitis. Reprehenderit consequuntur harum deleniti reprehenderit voluptate illo ab.', 1, '2020-03-01 02:17:58', '2020-03-01 02:17:58'),
(287, 11, 'Gisselle Altenwerth IV', 'Cumque quisquam quia quis asperiores qui esse soluta voluptatum. Est iure aspernatur veritatis ipsa autem. Quod non suscipit sint suscipit dolore inventore. Sit repellat ex expedita.', 1, '2020-03-01 02:17:58', '2020-03-01 02:17:58'),
(288, 17, 'Kacey Gutkowski', 'Numquam voluptatem id eos. Consequuntur id eius numquam quae non non.', 0, '2020-03-01 02:17:58', '2020-03-01 02:17:58'),
(289, 12, 'Ms. Nina Conn DVM', 'Ut veritatis incidunt et dolor enim. Dignissimos qui et asperiores molestias earum. Error dignissimos reprehenderit praesentium. Voluptas sint maxime nulla quia magni sed consequuntur et.', 3, '2020-03-01 02:17:58', '2020-03-01 02:17:58'),
(290, 27, 'Brooklyn Jacobson', 'Necessitatibus facilis nihil suscipit dicta. Recusandae autem officia accusantium dolor eum ducimus vel. Dolor consequatur sequi expedita velit. Et repellendus doloremque consequatur sit similique earum perferendis nihil.', 2, '2020-03-01 02:17:58', '2020-03-01 02:17:58'),
(291, 42, 'Caterina Nolan', 'Vel culpa voluptates distinctio in accusantium. Quia labore qui quos dolor vel sed. Enim nihil eaque iure dolore nobis a provident.', 0, '2020-03-01 02:17:58', '2020-03-01 02:17:58'),
(292, 49, 'Orlo Hackett', 'Ut animi odio et et est sit. Est delectus sed recusandae qui rerum dolorum amet ducimus. Similique id itaque consectetur repellendus.', 2, '2020-03-01 02:17:58', '2020-03-01 02:17:58'),
(293, 5, 'Reggie Huels', 'Nemo asperiores consectetur porro harum eum et. Laborum et saepe sunt natus ea reprehenderit ab. Quaerat expedita vel consequatur nam. Qui hic corporis placeat est dignissimos est. Quia ut necessitatibus non id.', 3, '2020-03-01 02:17:58', '2020-03-01 02:17:58'),
(294, 43, 'Miss Albina Howell', 'Sunt rerum explicabo adipisci ad placeat quis. Qui voluptatem enim vitae veritatis. Labore minus natus qui harum velit dolor minus et.', 2, '2020-03-01 02:17:58', '2020-03-01 02:17:58'),
(295, 37, 'Dustin Berge', 'Quisquam in doloremque aut est. Blanditiis qui et consectetur placeat voluptate. Non ipsum qui nihil autem itaque. Repellat qui minus fugiat cum.', 2, '2020-03-01 02:17:58', '2020-03-01 02:17:58'),
(296, 6, 'Prof. Dortha Buckridge PhD', 'Rem sit consequuntur minima magni. Suscipit ullam ea sed omnis. Ex quisquam eum debitis dolorem in voluptatum maxime nemo.', 0, '2020-03-01 02:17:58', '2020-03-01 02:17:58'),
(297, 9, 'Benton Cruickshank', 'Nihil neque tempore animi aut dolorem saepe. Unde iure nobis quas sed a distinctio numquam. Odio fuga velit qui necessitatibus.', 1, '2020-03-01 02:17:58', '2020-03-01 02:17:58'),
(298, 9, 'Dr. Garett Cremin II', 'Molestiae voluptates aut nihil. Natus culpa et doloremque harum. Sunt sed ea et ea voluptatum architecto porro.', 2, '2020-03-01 02:17:59', '2020-03-01 02:17:59'),
(299, 48, 'Ms. Dejah Rowe MD', 'Fugiat iusto ullam aut id est et est. Praesentium molestias dolores aliquam est nihil quidem rerum. Nostrum deleniti repellat maxime optio ab tenetur doloremque soluta.', 0, '2020-03-01 02:17:59', '2020-03-01 02:17:59'),
(300, 5, 'Ms. Hallie Gleason', 'Harum reiciendis voluptatum accusantium porro aut. Quis totam unde minus nulla sit. Omnis in consequatur laborum officiis excepturi perspiciatis fugit. Fugit quibusdam quia eos suscipit. Cupiditate esse accusantium quo repellendus.', 2, '2020-03-01 02:17:59', '2020-03-01 02:17:59');

-- --------------------------------------------------------

--
-- Table structure for table `users`
--

CREATE TABLE `users` (
  `id` bigint(20) UNSIGNED NOT NULL,
  `name` varchar(255) COLLATE utf8mb4_unicode_ci NOT NULL,
  `email` varchar(255) COLLATE utf8mb4_unicode_ci NOT NULL,
  `email_verified_at` timestamp NULL DEFAULT NULL,
  `password` varchar(255) COLLATE utf8mb4_unicode_ci NOT NULL,
  `remember_token` varchar(100) COLLATE utf8mb4_unicode_ci DEFAULT NULL,
  `created_at` timestamp NULL DEFAULT NULL,
  `updated_at` timestamp NULL DEFAULT NULL
) ENGINE=InnoDB DEFAULT CHARSET=utf8mb4 COLLATE=utf8mb4_unicode_ci;

--
-- Indexes for dumped tables
--

--
-- Indexes for table `migrations`
--
ALTER TABLE `migrations`
  ADD PRIMARY KEY (`id`);

--
-- Indexes for table `password_resets`
--
ALTER TABLE `password_resets`
  ADD KEY `password_resets_email_index` (`email`);

--
-- Indexes for table `products`
--
ALTER TABLE `products`
  ADD PRIMARY KEY (`id`);

--
-- Indexes for table `reviews`
--
ALTER TABLE `reviews`
  ADD PRIMARY KEY (`id`),
  ADD KEY `reviews_product_id_index` (`product_id`);

--
-- Indexes for table `users`
--
ALTER TABLE `users`
  ADD PRIMARY KEY (`id`),
  ADD UNIQUE KEY `users_email_unique` (`email`);

--
-- AUTO_INCREMENT for dumped tables
--

--
-- AUTO_INCREMENT for table `migrations`
--
ALTER TABLE `migrations`
  MODIFY `id` int(10) UNSIGNED NOT NULL AUTO_INCREMENT, AUTO_INCREMENT=5;

--
-- AUTO_INCREMENT for table `products`
--
ALTER TABLE `products`
  MODIFY `id` int(10) UNSIGNED NOT NULL AUTO_INCREMENT, AUTO_INCREMENT=51;

--
-- AUTO_INCREMENT for table `reviews`
--
ALTER TABLE `reviews`
  MODIFY `id` int(10) UNSIGNED NOT NULL AUTO_INCREMENT, AUTO_INCREMENT=301;

--
-- AUTO_INCREMENT for table `users`
--
ALTER TABLE `users`
  MODIFY `id` bigint(20) UNSIGNED NOT NULL AUTO_INCREMENT;

--
-- Constraints for dumped tables
--

--
-- Constraints for table `reviews`
--
ALTER TABLE `reviews`
  ADD CONSTRAINT `reviews_product_id_foreign` FOREIGN KEY (`product_id`) REFERENCES `products` (`id`) ON DELETE CASCADE;
COMMIT;

/*!40101 SET CHARACTER_SET_CLIENT=@OLD_CHARACTER_SET_CLIENT */;
/*!40101 SET CHARACTER_SET_RESULTS=@OLD_CHARACTER_SET_RESULTS */;
/*!40101 SET COLLATION_CONNECTION=@OLD_COLLATION_CONNECTION */;
